/es/blog/entrada/consejos-para-alicatar-un-cuarto-de-bano-de-forma-correcta-y-sencilla.html,https://ceramicconnection.com/es/blog/post/consejos-para-alicatar-un-cuarto-de-bano-de-forma-correcta-y-sencilla.html,301,1
/es/blog/entrada/diferentes-patrones-de-colocacion-para-azulejos-pequenos.html,https://ceramicconnection.com/es/blog/post/diferentes-patrones-de-colocacion-para-azulejos-pequenos.html,301,1
/es/blog/entrada/tendencias-que-nos-trae-el-2024.html,https://ceramicconnection.com/es/blog/post/tendencias-que-nos-trae-el-2024.html,301,1
/fr/blog/entree/comment-nettoyer-les-carreaux-en-porcelaine.html,https://ceramicconnection.com/fr/blog/post/comment-nettoyer-les-carreaux-en-porcelaine.html,301,1
/es/blog/entrada/como-limpiar-los-azulejos-porcelanicos-.html,https://ceramicconnection.com/es/blog/post/como-limpiar-los-azulejos-porcelanicos-.html,301,1
/es/blog/entrada/ideas-creativas-de-que-hacer-con-los-azulejos-sobrantes.html,https://ceramicconnection.com/es/blog/post/ideas-creativas-de-que-hacer-con-los-azulejos-sobrantes.html,301,1
/es/blog/entrada/de-la-tendencia-a-la-moda-macrotendencias-y-microtendencias-.html,https://ceramicconnection.com/es/blog/post/de-la-tendencia-a-la-moda-macrotendencias-y-microtendencias-.html,301,1
/en/blog/entrada/de-la-tendencia-a-la-moda-macrotendencias-y-microtendencias-.html,https://ceramicconnection.com/en/blog/post/de-la-tendencia-a-la-moda-macrotendencias-y-microtendencias-.html,301,1
/es/blog/entrada/azulejos-rectificados-vs-no-rectificados.html,https://ceramicconnection.com/es/blog/post/azulejos-rectificados-vs-no-rectificados.html,301,1
/es/blog/entrada/blog-estilo-fresh.html,https://ceramicconnection.com/es/blog/post/blog-estilo-fresh.html,301,1
/es/blog/entrada/trucos-para-que-tus-azulejos-brillen-como-el-primer-dia.html,https://ceramicconnection.com/es/blog/post/trucos-para-que-tus-azulejos-brillen-como-el-primer-dia.html,301,1
/en/blog/entrada/fusion-de-dos-culturas-distinguiendo-entre-el-estilo-japones-y-el-estilo-japandi.html,https://ceramicconnection.com/en/blog/post/fusion-de-dos-culturas-distinguiendo-entre-el-estilo-japones-y-el-estilo-japandi.html,301,1
/es/blog/entrada/el-arte-de-la-modernidad-en-banos-disenos-impresionantes-de-duchas-contemporaneas.html,https://ceramicconnection.com/es/blog/post/el-arte-de-la-modernidad-en-banos-disenos-impresionantes-de-duchas-contemporaneas.html,301,1
/es/blog/entrada/fusion-de-dos-culturas-distinguiendo-entre-el-estilo-japones-y-el-estilo-japandi.html,https://ceramicconnection.com/es/blog/post/fusion-de-dos-culturas-distinguiendo-entre-el-estilo-japones-y-el-estilo-japandi.html,301,1
/es/blog/entrada/ventajas-de-los-azulejos-frente-a-los-materiales-naturales.html,https://ceramicconnection.com/es/blog/post/ventajas-de-los-azulejos-frente-a-los-materiales-naturales.html,301,1
/fr/blog/entree/diferentes-patrones-de-colocacion-para-azulejos-pequenos.html,https://ceramicconnection.com/fr/blog/post/diferentes-patrones-de-colocacion-para-azulejos-pequenos.html,301,1
/fr/blog/entree/como-limpiar-los-azulejos-porcelanicos-.html,https://ceramicconnection.com/fr/blog/post/como-limpiar-los-azulejos-porcelanicos-.html,301,1
/nl/blog/entrada/hoe-maak-je-porseleinen-tegels-schoon.html,https://ceramicconnection.com/nl/blog/post/hoe-maak-je-porseleinen-tegels-schoon.html,301,1
/en/blog/entrada/diferentes-patrones-de-colocacion-para-azulejos-pequenos.html,https://ceramicconnection.com/en/blog/post/diferentes-patrones-de-colocacion-para-azulejos-pequenos.html,301,1
/es/blog/entrada/mezclando-azulejos.html,https://ceramicconnection.com/es/blog/post/mezclando-azulejos.html,301,1
/de/blog/entrada/vom-trend-zur-mode-makrotrends-und-mikrotrends-in-der-innenarchitektur.html,https://ceramicconnection.com/de/blog/post/vom-trend-zur-mode-makrotrends-und-mikrotrends-in-der-innenarchitektur.html,301,1
/fr/blog/entree/comment-apporter-une-touche-mediterraneenne-a-un-appartement-de-vacances-.html,https://ceramicconnection.com/fr/blog/post/comment-apporter-une-touche-mediterraneenne-a-un-appartement-de-vacances-.html,301,1
/en/blog/entrada/why-choose-black-tiles.html,https://ceramicconnection.com/en/blog/post/why-choose-black-tiles.html,301,1
/nl/blog/entrada/van-trend-tot-mode-macro-en-microtrends-in-interieurontwerp.html,https://ceramicconnection.com/nl/blog/post/van-trend-tot-mode-macro-en-microtrends-in-interieurontwerp.html,301,1
/en/blog/entrada/different-laying-patterns-for-small-tiles.html,https://ceramicconnection.com/en/blog/post/different-laying-patterns-for-small-tiles.html,301,1
/en/blog/entrada/tricks-to-keep-your-tiles-shining-like-new.html,https://ceramicconnection.com/en/blog/post/tricks-to-keep-your-tiles-shining-like-new.html,301,1
/fr/blog/entree/consejos-para-alicatar-un-cuarto-de-bano-de-forma-correcta-y-sencilla.html,https://ceramicconnection.com/fr/blog/post/consejos-para-alicatar-un-cuarto-de-bano-de-forma-correcta-y-sencilla.html,301,1
/en/blog/entrada/from-trend-to-fashion-macrotrends-and-microtrends-in-interior-design.html,https://ceramicconnection.com/en/blog/post/from-trend-to-fashion-macrotrends-and-microtrends-in-interior-design.html,301,1
/en/blog/entrada/rectified-tiles-vs-non-rectified-tiles.html,https://ceramicconnection.com/en/blog/post/rectified-tiles-vs-non-rectified-tiles.html,301,1
/es/blog/entrada/porque-elegir-azulejos-de-color-negro.html,https://ceramicconnection.com/es/blog/post/porque-elegir-azulejos-de-color-negro.html,301,1
/es/blog/entrada/por-que-utilizar-azulejos-ceramicos.html,https://ceramicconnection.com/es/blog/post/por-que-utilizar-azulejos-ceramicos.html,301,1
/es/blog/entrada/como-elegir-el-nivel-de-antideslizante-adecuado.html,https://ceramicconnection.com/es/blog/post/como-elegir-el-nivel-de-antideslizante-adecuado.html,301,1
/pt/blog/entrada/como-limpiar-las-juntas-de-los-azulejos.html,https://ceramicconnection.com/pt/blog/post/como-limpiar-las-juntas-de-los-azulejos.html,301,1
/nl/blog/entrada/trucs-om-je-tegels-als-nieuw-te-laten-glanzen.html,https://ceramicconnection.com/nl/blog/post/trucs-om-je-tegels-als-nieuw-te-laten-glanzen.html,301,1
/fr/blog/entree/avantages-des-carreaux-par-rapport-aux-materiaux-naturels.html,https://ceramicconnection.com/fr/blog/post/avantages-des-carreaux-par-rapport-aux-materiaux-naturels.html,301,1
/en/blog/entrada/pantone-color-2024.html,https://ceramicconnection.com/en/blog/post/pantone-color-2024.html,301,1
/fr/blog/entree/fusion-de-dos-culturas-distinguiendo-entre-el-estilo-japones-y-el-estilo-japandi.html,https://ceramicconnection.com/fr/blog/post/fusion-de-dos-culturas-distinguiendo-entre-el-estilo-japones-y-el-estilo-japandi.html,301,1
/en/blog/entrada/como-instalar-azulejos-ceramicos-por-pasos-.html,https://ceramicconnection.com/en/blog/post/como-instalar-azulejos-ceramicos-por-pasos-.html,301,1
/fr/blog/entree/ideas-creativas-de-que-hacer-con-los-azulejos-sobrantes.html,https://ceramicconnection.com/fr/blog/post/ideas-creativas-de-que-hacer-con-los-azulejos-sobrantes.html,301,1
/pt/blog/entrada/vantagens-dos-azulejos-em-relacao-aos-materiais-naturais.html,https://ceramicconnection.com/pt/blog/post/vantagens-dos-azulejos-em-relacao-aos-materiais-naturais.html,301,1
/pt/blog/entrada/como-limpar-o-gres-porcelanico.html,https://ceramicconnection.com/pt/blog/post/como-limpar-o-gres-porcelanico.html,301,1
/es/blog/entrada/el-minimalismo-como-forma-de-vida.html,https://ceramicconnection.com/es/blog/post/el-minimalismo-como-forma-de-vida.html,301,1
/pt/blog/entrada/ladrilhos-ceramicos-para-exterior.html,https://ceramicconnection.com/pt/blog/post/ladrilhos-ceramicos-para-exterior.html,301,1
/fr/blog/entree/des-astuces-pour-conserver-l-eclat-de-votre-carrelage.html,https://ceramicconnection.com/fr/blog/post/des-astuces-pour-conserver-l-eclat-de-votre-carrelage.html,301,1
/en/blog/entrada/como-elegir-el-nivel-de-antideslizante-adecuado.html,https://ceramicconnection.com/en/blog/post/como-elegir-el-nivel-de-antideslizante-adecuado.html,301,1
/nl/blog/entrada/kleur-pantone-2024.html,https://ceramicconnection.com/nl/blog/post/kleur-pantone-2024.html,301,1
/fr/blog/entree/de-la-tendencia-a-la-moda-macrotendencias-y-microtendencias-.html,https://ceramicconnection.com/fr/blog/post/de-la-tendencia-a-la-moda-macrotendencias-y-microtendencias-.html,301,1
/pt/blog/entrada/de-la-tendencia-a-la-moda-macrotendencias-y-microtendencias-.html,https://ceramicconnection.com/pt/blog/post/de-la-tendencia-a-la-moda-macrotendencias-y-microtendencias-.html,301,1
/en/blog/entrada/porque-elegir-azulejos-de-color-negro.html,https://ceramicconnection.com/en/blog/post/porque-elegir-azulejos-de-color-negro.html,301,1
/pt/blog/entrada/diferentes-patrones-de-colocacion-para-azulejos-pequenos.html,https://ceramicconnection.com/pt/blog/post/diferentes-patrones-de-colocacion-para-azulejos-pequenos.html,301,1
/fr/blog/entree/melange-de-carreaux.html,https://ceramicconnection.com/fr/blog/post/melange-de-carreaux.html,301,1
/pt/blog/entrada/como-escolher-o-nivel-antiderrapante-correcto.html,https://ceramicconnection.com/pt/blog/post/como-escolher-o-nivel-antiderrapante-correcto.html,301,1
/es/blog/entrada/como-limpiar-las-juntas-de-los-azulejos.html,https://ceramicconnection.com/es/blog/post/como-limpiar-las-juntas-de-los-azulejos.html,301,1
/en/blog/entrada/the-art-of-modern-bathroom-design-stunning-contemporary-shower-designs.html,https://ceramicconnection.com/en/blog/post/the-art-of-modern-bathroom-design-stunning-contemporary-shower-designs.html,301,1
/es/blog/entrada/color-pantone-2024.html,https://ceramicconnection.com/es/blog/post/color-pantone-2024.html,301,1
/es/blog/entrada/como-instalar-azulejos-ceramicos-por-pasos-.html,https://ceramicconnection.com/es/blog/post/como-instalar-azulejos-ceramicos-por-pasos-.html,301,1
/es/blog/entrada/entrada-5.html,https://ceramicconnection.com/es/blog/post/entrada-5.html,301,1
/pt/blog/entrada/consejos-para-alicatar-un-cuarto-de-bano-de-forma-correcta-y-sencilla.html,https://ceramicconnection.com/pt/blog/post/consejos-para-alicatar-un-cuarto-de-bano-de-forma-correcta-y-sencilla.html,301,1
/en/blog/entrada/blog-estilo-fresh.html,https://ceramicconnection.com/en/blog/post/blog-estilo-fresh.html,301,1
/nl/blog/entrada/verschillende-legpatronen-voor-kleine-tegels.html,https://ceramicconnection.com/nl/blog/post/verschillende-legpatronen-voor-kleine-tegels.html,301,1
/en/blog/entrada/por-que-utilizar-azulejos-ceramicos.html,https://ceramicconnection.com/en/blog/post/por-que-utilizar-azulejos-ceramicos.html,301,1
/en/blog/entrada/give-color-to-the-joints.html,https://ceramicconnection.com/en/blog/post/give-color-to-the-joints.html,301,1
/es/blog/entrada/como-darle-un-toque-mediterraneo-a-un-piso-vacacional.html,https://ceramicconnection.com/es/blog/post/como-darle-un-toque-mediterraneo-a-un-piso-vacacional.html,301,1
/fr/blog/entree/como-limpiar-las-juntas-de-los-azulejos.html,https://ceramicconnection.com/fr/blog/post/como-limpiar-las-juntas-de-los-azulejos.html,301,1
/fr/blog/entree/entrada-5.html,https://ceramicconnection.com/fr/blog/post/entrada-5.html,301,1
/fr/blog/entree/como-elegir-el-nivel-de-antideslizante-adecuado.html,https://ceramicconnection.com/fr/blog/post/como-elegir-el-nivel-de-antideslizante-adecuado.html,301,1
/nl/blog/entrada/fusion-de-dos-culturas-distinguiendo-entre-el-estilo-japones-y-el-estilo-japandi.html,https://ceramicconnection.com/nl/blog/post/fusion-de-dos-culturas-distinguiendo-entre-el-estilo-japones-y-el-estilo-japandi.html,301,1
/pt/blog/entrada/dar-cor-as-articulacoes.html,https://ceramicconnection.com/pt/blog/post/dar-cor-as-articulacoes.html,301,1
/pt/blog/entrada/ladrilhos-com-ou-sem-terra.html,https://ceramicconnection.com/pt/blog/post/ladrilhos-com-ou-sem-terra.html,301,1
/pt/blog/entrada/mistura-de-azulejos.html,https://ceramicconnection.com/pt/blog/post/mistura-de-azulejos.html,301,1
/fr/blog/entree/de-la-tendencia-a-la-mode-macro-et-micro-tendances-dans-la-decoration-d-interieur.html,https://ceramicconnection.com/fr/blog/post/de-la-tendencia-a-la-mode-macro-et-micro-tendances-dans-la-decoration-d-interieur.html,301,1
/de/blog/entrada/wie-reinigt-man-porzellanfliesen.html,https://ceramicconnection.com/de/blog/post/wie-reinigt-man-porzellanfliesen.html,301,1
/nl/blog/entrada/voordelen-van-tegels-ten-opzichte-van-natuurlijke-materialen.html,https://ceramicconnection.com/nl/blog/post/voordelen-van-tegels-ten-opzichte-van-natuurlijke-materialen.html,301,1
/pt/blog/entrada/porque-encomendar-mais-15-de-material-ceramico.html,https://ceramicconnection.com/pt/blog/post/porque-encomendar-mais-15-de-material-ceramico.html,301,1
/pt/blog/entrada/estilo-kinfolk-uma-abordagem-descontraida-e-natural-a-decoracao-de-interiores.html,https://ceramicconnection.com/pt/blog/post/estilo-kinfolk-uma-abordagem-descontraida-e-natural-a-decoracao-de-interiores.html,301,1
/de/blog/entrada/verschiedene-verlegemuster-fur-kleine-fliesen.html,https://ceramicconnection.com/de/blog/post/verschiedene-verlegemuster-fur-kleine-fliesen.html,301,1
/nl/blog/entrada/kleur-geven-aan-de-gewrichten.html,https://ceramicconnection.com/nl/blog/post/kleur-geven-aan-de-gewrichten.html,301,1
/nl/blog/entrada/tegels-met-of-zonder-aarde.html,https://ceramicconnection.com/nl/blog/post/tegels-met-of-zonder-aarde.html,301,1
/de/blog/entrada/farbe-pantone-2024.html,https://ceramicconnection.com/de/blog/post/farbe-pantone-2024.html,301,1
/es/blog/entrada/dale-color-a-las-juntas.html,https://ceramicconnection.com/es/blog/post/dale-color-a-las-juntas.html,301,1
/es/blog/entrada/entrada-3.html,https://ceramicconnection.com/es/blog/post/entrada-3.html,301,1
/de/blog/entrada/geschliffene-vs-ungeschliffene-fliesen.html,https://ceramicconnection.com/de/blog/post/geschliffene-vs-ungeschliffene-fliesen.html,301,1
/en/blog/entrada/vitality-in-every-detail-exploring-the-fresh-style.html,https://ceramicconnection.com/en/blog/post/vitality-in-every-detail-exploring-the-fresh-style.html,301,1
/en/blog/entrada/el-arte-de-la-modernidad-en-banos-disenos-impresionantes-de-duchas-contemporaneas.html,https://ceramicconnection.com/en/blog/post/el-arte-de-la-modernidad-en-banos-disenos-impresionantes-de-duchas-contemporaneas.html,301,1
/nl/blog/entrada/hoe-keramische-tegels-in-stappen-te-installeren.html,https://ceramicconnection.com/nl/blog/post/hoe-keramische-tegels-in-stappen-te-installeren.html,301,1
/en/blog/entrada/how-to-choose-the-right-anti-slip-level.html,https://ceramicconnection.com/en/blog/post/how-to-choose-the-right-anti-slip-level.html,301,1
/de/blog/entrada/keramikfliesen-fur-den-aussenbereich.html,https://ceramicconnection.com/de/blog/post/keramikfliesen-fur-den-aussenbereich.html,301,1
/fr/blog/entree/pourquoi-utiliser-des-carreaux-en-ceramique.html,https://ceramicconnection.com/fr/blog/post/pourquoi-utiliser-des-carreaux-en-ceramique.html,301,1
/de/blog/entrada/farbe-in-die-fugen-bringen.html,https://ceramicconnection.com/de/blog/post/farbe-in-die-fugen-bringen.html,301,1
/pt/blog/entrada/como-instalar-ladrilhos-de-ceramica-em-etapas.html,https://ceramicconnection.com/pt/blog/post/como-instalar-ladrilhos-de-ceramica-em-etapas.html,301,1
/nl/blog/entrada/hoe-geef-je-een-mediterraan-tintje-aan-een-vakantiewoning.html,https://ceramicconnection.com/nl/blog/post/hoe-geef-je-een-mediterraan-tintje-aan-een-vakantiewoning.html,301,1
/en/blog/entrada/floor-tiles-vs-wall-tiles.html,https://ceramicconnection.com/en/blog/post/floor-tiles-vs-wall-tiles.html,301,1
/en/blog/entrada/how-to-install-ceramic-tiles-in-steps.html,https://ceramicconnection.com/en/blog/post/how-to-install-ceramic-tiles-in-steps.html,301,1
/fr/blog/entree/couleur-pantone-2024.html,https://ceramicconnection.com/fr/blog/post/couleur-pantone-2024.html,301,1
/fr/blog/entree/differentes-facons-de-disposer-les-petits-carreaux.html,https://ceramicconnection.com/fr/blog/post/differentes-facons-de-disposer-les-petits-carreaux.html,301,1
/en/blog/entrada/ideas-creativas-de-que-hacer-con-los-azulejos-sobrantes.html,https://ceramicconnection.com/en/blog/post/ideas-creativas-de-que-hacer-con-los-azulejos-sobrantes.html,301,1
/en/blog/entrada/consejos-para-alicatar-un-cuarto-de-bano-de-forma-correcta-y-sencilla.html,https://ceramicconnection.com/en/blog/post/consejos-para-alicatar-un-cuarto-de-bano-de-forma-correcta-y-sencilla.html,301,1
/en/blog/entrada/mixing-tiles.html,https://ceramicconnection.com/en/blog/post/mixing-tiles.html,301,1
/de/blog/entrada/verlegung-von-keramikfliesen-in-schritten.html,https://ceramicconnection.com/de/blog/post/verlegung-von-keramikfliesen-in-schritten.html,301,1
/en/blog/entrada/mezclando-azulejos.html,https://ceramicconnection.com/en/blog/post/mezclando-azulejos.html,301,1
/fr/blog/entree/carreaux-ceramiques-en-exterieurs.html,https://ceramicconnection.com/fr/blog/post/carreaux-ceramiques-en-exterieurs.html,301,1
/pt/blog/entrada/a-arte-do-design-moderno-da-casa-de-banho-designs-impressionantes-de-chuveiros-contemporaneos.html,https://ceramicconnection.com/pt/blog/post/a-arte-do-design-moderno-da-casa-de-banho-designs-impressionantes-de-chuveiros-contemporaneos.html,301,1
/pt/blog/entrada/cor-pantone-2024.html,https://ceramicconnection.com/pt/blog/post/cor-pantone-2024.html,301,1
/en/blog/entrada/kinfolk-style-a-relaxed-and-natural-approach-to-interior-design.html,https://ceramicconnection.com/en/blog/post/kinfolk-style-a-relaxed-and-natural-approach-to-interior-design.html,301,1
/fr/blog/entree/el-minimalismo-como-forma-de-vida.html,https://ceramicconnection.com/fr/blog/post/el-minimalismo-como-forma-de-vida.html,301,1
/pt/blog/entrada/porque-escolher-azulejos-pretos.html,https://ceramicconnection.com/pt/blog/post/porque-escolher-azulejos-pretos.html,301,1
/nl/blog/entrada/keramische-tegels-voor-buiten.html,https://ceramicconnection.com/nl/blog/post/keramische-tegels-voor-buiten.html,301,1
/nl/blog/entrada/industriele-materialen-tijdloos-design-de-kracht-van-industriele-styling.html,https://ceramicconnection.com/nl/blog/post/industriele-materialen-tijdloos-design-de-kracht-van-industriele-styling.html,301,1
/de/blog/entrada/color-pantone-2024.html,https://ceramicconnection.com/de/blog/post/color-pantone-2024.html,301,1
/fr/blog/entree/carreaux-de-sol-et-carreaux-de-mur.html,https://ceramicconnection.com/fr/blog/post/carreaux-de-sol-et-carreaux-de-mur.html,301,1
/en/blog/entrada/color-pantone-2024.html,https://ceramicconnection.com/en/blog/post/color-pantone-2024.html,301,1
/nl/blog/entrada/hoe-interieurontwerp-het-succes-van-een-bedrijf-kan-beinvloeden.html,https://ceramicconnection.com/nl/blog/post/hoe-interieurontwerp-het-succes-van-een-bedrijf-kan-beinvloeden.html,301,1
/de/blog/entrada/como-limpiar-las-juntas-de-los-azulejos.html,https://ceramicconnection.com/de/blog/post/como-limpiar-las-juntas-de-los-azulejos.html,301,1
/fr/blog/entree/como-darle-un-toque-mediterraneo-a-un-piso-vacacional.html,https://ceramicconnection.com/fr/blog/post/como-darle-un-toque-mediterraneo-a-un-piso-vacacional.html,301,1
/pt/blog/entrada/ladrilhos-de-chao-vs-ladrilhos-de-parede.html,https://ceramicconnection.com/pt/blog/post/ladrilhos-de-chao-vs-ladrilhos-de-parede.html,301,1
/es/blog/entrada/pedir-15-mas.html,https://ceramicconnection.com/es/blog/post/pedir-15-mas.html,301,1
/en/blog/entrada/entrada-5.html,https://ceramicconnection.com/en/blog/post/entrada-5.html,301,1
/de/blog/entrada/mischen-von-fliesen.html,https://ceramicconnection.com/de/blog/post/mischen-von-fliesen.html,301,1
/es/blog/entrada/como-el-interiorismo-puede-influir-en-el-exito-de-un-negocio.html,https://ceramicconnection.com/es/blog/post/como-el-interiorismo-puede-influir-en-el-exito-de-un-negocio.html,301,1
/pt/blog/entrada/como-instalar-azulejos-ceramicos-por-pasos-.html,https://ceramicconnection.com/pt/blog/post/como-instalar-azulejos-ceramicos-por-pasos-.html,301,1
/en/blog/entrada/entrada-3.html,https://ceramicconnection.com/en/blog/post/entrada-3.html,301,1
/pt/blog/entrada/diferentes-padroes-de-assentamento-para-azulejos-pequenos.html,https://ceramicconnection.com/pt/blog/post/diferentes-padroes-de-assentamento-para-azulejos-pequenos.html,301,1
/nl/blog/entrada/hoe-kies-je-de-juiste-antislipvloer.html,https://ceramicconnection.com/nl/blog/post/hoe-kies-je-de-juiste-antislipvloer.html,301,1
/pt/blog/entrada/o-minimalismo-como-modo-de-vida.html,https://ceramicconnection.com/pt/blog/post/o-minimalismo-como-modo-de-vida.html,301,1
/en/blog/entrada/como-limpiar-las-juntas-de-los-azulejos.html,https://ceramicconnection.com/en/blog/post/como-limpiar-las-juntas-de-los-azulejos.html,301,1
/fr/blog/entree/color-pantone-2024.html,https://ceramicconnection.com/fr/blog/post/color-pantone-2024.html,301,1
/fr/blog/entree/pourquoi-demander-un-surplus-de-15-de-materiau-ceramique.html,https://ceramicconnection.com/fr/blog/post/pourquoi-demander-un-surplus-de-15-de-materiau-ceramique.html,301,1
/pt/blog/entrada/azulejos-rectificados-vs-no-rectificados.html,https://ceramicconnection.com/pt/blog/post/azulejos-rectificados-vs-no-rectificados.html,301,1
/nl/blog/entrada/waarom-keramische-tegels-gebruiken.html,https://ceramicconnection.com/nl/blog/post/waarom-keramische-tegels-gebruiken.html,301,1
/pt/blog/entrada/da-tendencia-a-moda-macro-tendencias-e-micro-tendencias-no-design-de-interiores.html,https://ceramicconnection.com/pt/blog/post/da-tendencia-a-moda-macro-tendencias-e-micro-tendencias-no-design-de-interiores.html,301,1
/pt/blog/entrada/blog-estilo-fresh.html,https://ceramicconnection.com/pt/blog/post/blog-estilo-fresh.html,301,1
/fr/blog/entree/comment-installer-des-carreaux-de-ceramique-etape-par-etape.html,https://ceramicconnection.com/fr/blog/post/comment-installer-des-carreaux-de-ceramique-etape-par-etape.html,301,1
/pt/blog/entrada/vitalidade-em-cada-pormenor-explorar-um-estilo-fresco.html,https://ceramicconnection.com/pt/blog/post/vitalidade-em-cada-pormenor-explorar-um-estilo-fresco.html,301,1
/es/blog/entrada/modernidad-y-elegancia-en-tus-paredes-gracias-a-nuestros-azulejos-tipo-metro.html,https://ceramicconnection.com/es/blog/post/modernidad-y-elegancia-en-tus-paredes-gracias-a-nuestros-azulejos-tipo-metro.html,301,1
/en/blog/entrada/como-limpiar-los-azulejos-porcelanicos-.html,https://ceramicconnection.com/en/blog/post/como-limpiar-los-azulejos-porcelanicos-.html,301,1
/pt/blog/entrada/el-arte-de-la-modernidad-en-banos-disenos-impresionantes-de-duchas-contemporaneas.html,https://ceramicconnection.com/pt/blog/post/el-arte-de-la-modernidad-en-banos-disenos-impresionantes-de-duchas-contemporaneas.html,301,1
/es/blog/entrada/consejos-para-encontrar-los-azulejos-perfectos-para-tu-diseno.html,https://ceramicconnection.com/es/blog/post/consejos-para-encontrar-los-azulejos-perfectos-para-tu-diseno.html,301,1
/de/blog/entrada/warum-15-mehr-keramisches-material-bestellen.html,https://ceramicconnection.com/de/blog/post/warum-15-mehr-keramisches-material-bestellen.html,301,1
/de/blog/entrada/como-limpiar-los-azulejos-porcelanicos-.html,https://ceramicconnection.com/de/blog/post/como-limpiar-los-azulejos-porcelanicos-.html,301,1
/es/blog/entrada/porcelanico-vs-revestimiento.html,https://ceramicconnection.com/es/blog/post/porcelanico-vs-revestimiento.html,301,1
/de/blog/entrada/warum-schwarze-fliesen-wahlen.html,https://ceramicconnection.com/de/blog/post/warum-schwarze-fliesen-wahlen.html,301,1
/en/blog/entrada/reasons-to-use-ceramic-tiles.html,https://ceramicconnection.com/en/blog/post/reasons-to-use-ceramic-tiles.html,301,1
/nl/blog/entrada/minimalisme-als-levenswijze.html,https://ceramicconnection.com/nl/blog/post/minimalisme-als-levenswijze.html,301,1
/de/blog/entrada/wie-die-inneneinrichtung-den-erfolg-eines-unternehmens-beeinflussen-kann.html,https://ceramicconnection.com/de/blog/post/wie-die-inneneinrichtung-den-erfolg-eines-unternehmens-beeinflussen-kann.html,301,1
/pt/blog/entrada/ventajas-de-los-azulejos-frente-a-los-materiales-naturales.html,https://ceramicconnection.com/pt/blog/post/ventajas-de-los-azulejos-frente-a-los-materiales-naturales.html,301,1
/fr/blog/entree/como-el-interiorismo-puede-influir-en-el-exito-de-un-negocio.html,https://ceramicconnection.com/fr/blog/post/como-el-interiorismo-puede-influir-en-el-exito-de-un-negocio.html,301,1
/de/blog/entrada/como-instalar-azulejos-ceramicos-por-pasos-.html,https://ceramicconnection.com/de/blog/post/como-instalar-azulejos-ceramicos-por-pasos-.html,301,1
/pt/blog/entrada/como-dar-um-toque-mediterranico-a-um-apartamento-de-ferias.html,https://ceramicconnection.com/pt/blog/post/como-dar-um-toque-mediterranico-a-um-apartamento-de-ferias.html,301,1
/en/blog/entrada/why-order-15-more-ceramic-material.html,https://ceramicconnection.com/en/blog/post/why-order-15-more-ceramic-material.html,301,1
/nl/blog/entrada/waarom-15-meer-keramisch-materiaal-bestellen.html,https://ceramicconnection.com/nl/blog/post/waarom-15-meer-keramisch-materiaal-bestellen.html,301,1
/en/blog/entrada/minimalism-as-a-way-of-life.html,https://ceramicconnection.com/en/blog/post/minimalism-as-a-way-of-life.html,301,1
/de/blog/entrada/vorteile-von-fliesen-gegenuber-naturlichen-materialien.html,https://ceramicconnection.com/de/blog/post/vorteile-von-fliesen-gegenuber-naturlichen-materialien.html,301,1
/en/blog/entrada/trucos-para-que-tus-azulejos-brillen-como-el-primer-dia.html,https://ceramicconnection.com/en/blog/post/trucos-para-que-tus-azulejos-brillen-como-el-primer-dia.html,301,1
/nl/blog/entrada/vloertegels-vs-wandtegels.html,https://ceramicconnection.com/nl/blog/post/vloertegels-vs-wandtegels.html,301,1
/pt/blog/entrada/porque-utilizar-azulejos-de-ceramica.html,https://ceramicconnection.com/pt/blog/post/porque-utilizar-azulejos-de-ceramica.html,301,1
/en/blog/entrada/advantages-of-tiles-over-natural-materials.html,https://ceramicconnection.com/en/blog/post/advantages-of-tiles-over-natural-materials.html,301,1
/pt/blog/entrada/truques-para-manter-os-seus-azulejos-a-brilhar-como-novos.html,https://ceramicconnection.com/pt/blog/post/truques-para-manter-os-seus-azulejos-a-brilhar-como-novos.html,301,1
/fr/blog/entree/pedir-15-mas.html,https://ceramicconnection.com/fr/blog/post/pedir-15-mas.html,301,1
/nl/blog/entrada/waarom-kiezen-voor-zwarte-tegels.html,https://ceramicconnection.com/nl/blog/post/waarom-kiezen-voor-zwarte-tegels.html,301,1
/de/blog/entrada/tricks-damit-ihre-fliesen-wie-neu-glanzen.html,https://ceramicconnection.com/de/blog/post/tricks-damit-ihre-fliesen-wie-neu-glanzen.html,301,1
/pt/blog/entrada/trucos-para-que-tus-azulejos-brillen-como-el-primer-dia.html,https://ceramicconnection.com/pt/blog/post/trucos-para-que-tus-azulejos-brillen-como-el-primer-dia.html,301,1
/de/blog/entrada/bodenfliesen-vs-wandfliesen.html,https://ceramicconnection.com/de/blog/post/bodenfliesen-vs-wandfliesen.html,301,1
/de/blog/entrada/dale-color-a-las-juntas.html,https://ceramicconnection.com/de/blog/post/dale-color-a-las-juntas.html,301,1
/fr/blog/entree/el-arte-de-la-modernidad-en-banos-disenos-impresionantes-de-duchas-contemporaneas.html,https://ceramicconnection.com/fr/blog/post/el-arte-de-la-modernidad-en-banos-disenos-impresionantes-de-duchas-contemporaneas.html,301,1
/en/blog/entrada/dale-color-a-las-juntas.html,https://ceramicconnection.com/en/blog/post/dale-color-a-las-juntas.html,301,1
/fr/blog/entree/pourquoi-choisir-des-carreaux-noirs.html,https://ceramicconnection.com/fr/blog/post/pourquoi-choisir-des-carreaux-noirs.html,301,1
/nl/blog/entrada/kinfolk-style-een-ontspannen-en-natuurlijke-benadering-van-interieurdesign.html,https://ceramicconnection.com/nl/blog/post/kinfolk-style-een-ontspannen-en-natuurlijke-benadering-van-interieurdesign.html,301,1
/pt/blog/entrada/fusion-de-dos-culturas-distinguiendo-entre-el-estilo-japones-y-el-estilo-japandi.html,https://ceramicconnection.com/pt/blog/post/fusion-de-dos-culturas-distinguiendo-entre-el-estilo-japones-y-el-estilo-japandi.html,301,1
/es/blog/entrada/inspiracion-para-tu-mesa-navidena.html,https://ceramicconnection.com/es/blog/post/inspiracion-para-tu-mesa-navidena.html,301,1
/de/blog/entrada/consejos-para-alicatar-un-cuarto-de-bano-de-forma-correcta-y-sencilla.html,https://ceramicconnection.com/de/blog/post/consejos-para-alicatar-un-cuarto-de-bano-de-forma-correcta-y-sencilla.html,301,1
/en/blog/entrada/consejos-para-encontrar-los-azulejos-perfectos-para-tu-diseno.html,https://ceramicconnection.com/en/blog/post/consejos-para-encontrar-los-azulejos-perfectos-para-tu-diseno.html,301,1
/fr/blog/entree/dale-color-a-las-juntas.html,https://ceramicconnection.com/fr/blog/post/dale-color-a-las-juntas.html,301,1
/de/blog/entrada/minimalismus-als-lebenseinstellung.html,https://ceramicconnection.com/de/blog/post/minimalismus-als-lebenseinstellung.html,301,1
/de/blog/entrada/ventajas-de-los-azulejos-frente-a-los-materiales-naturales.html,https://ceramicconnection.com/de/blog/post/ventajas-de-los-azulejos-frente-a-los-materiales-naturales.html,301,1
/de/blog/entrada/warum-keramikfliesen-verwenden.html,https://ceramicconnection.com/de/blog/post/warum-keramikfliesen-verwenden.html,301,1
/en/blog/entrada/como-el-interiorismo-puede-influir-en-el-exito-de-un-negocio.html,https://ceramicconnection.com/en/blog/post/como-el-interiorismo-puede-influir-en-el-exito-de-un-negocio.html,301,1
/fr/blog/entree/l-art-de-la-modernite-dans-les-salles-de-bains-des-conceptions-impressionnantes-de-douches-contemporaines.html,https://ceramicconnection.com/fr/blog/post/l-art-de-la-modernite-dans-les-salles-de-bains-des-conceptions-impressionnantes-de-douches-contemporaines.html,301,1
/de/blog/entrada/fusion-de-dos-culturas-distinguiendo-entre-el-estilo-japones-y-el-estilo-japandi.html,https://ceramicconnection.com/de/blog/post/fusion-de-dos-culturas-distinguiendo-entre-el-estilo-japones-y-el-estilo-japandi.html,301,1
/en/blog/entrada/porcelanico-vs-revestimiento.html,https://ceramicconnection.com/en/blog/post/porcelanico-vs-revestimiento.html,301,1
/nl/blog/entrada/tegels-mengen.html,https://ceramicconnection.com/nl/blog/post/tegels-mengen.html,301,1
/pt/blog/entrada/como-darle-un-toque-mediterraneo-a-un-piso-vacacional.html,https://ceramicconnection.com/pt/blog/post/como-darle-un-toque-mediterraneo-a-un-piso-vacacional.html,301,1
/fr/blog/entree/entrada-3.html,https://ceramicconnection.com/fr/blog/post/entrada-3.html,301,1
/fr/blog/entree/porque-elegir-azulejos-de-color-negro.html,https://ceramicconnection.com/fr/blog/post/porque-elegir-azulejos-de-color-negro.html,301,1
/pt/blog/entrada/como-el-interiorismo-puede-influir-en-el-exito-de-un-negocio.html,https://ceramicconnection.com/pt/blog/post/como-el-interiorismo-puede-influir-en-el-exito-de-un-negocio.html,301,1
/fr/blog/entree/comment-choisir-le-niveau-d-antiderapance-approprie.html,https://ceramicconnection.com/fr/blog/post/comment-choisir-le-niveau-d-antiderapance-approprie.html,301,1
/fr/blog/entree/mezclando-azulejos.html,https://ceramicconnection.com/fr/blog/post/mezclando-azulejos.html,301,1
/fr/blog/entree/le-minimalisme-comme-mode-de-vie.html,https://ceramicconnection.com/fr/blog/post/le-minimalisme-comme-mode-de-vie.html,301,1
/en/blog/entrada/how-to-clean-porcelain-tiles.html,https://ceramicconnection.com/en/blog/post/how-to-clean-porcelain-tiles.html,301,1
/de/blog/entrada/ideas-creativas-de-que-hacer-con-los-azulejos-sobrantes.html,https://ceramicconnection.com/de/blog/post/ideas-creativas-de-que-hacer-con-los-azulejos-sobrantes.html,301,1
/de/blog/entrada/vitalitat-in-jedem-detail-entdeckung-eines-neuen-stils.html,https://ceramicconnection.com/de/blog/post/vitalitat-in-jedem-detail-entdeckung-eines-neuen-stils.html,301,1
/de/blog/entrada/diferentes-patrones-de-colocacion-para-azulejos-pequenos.html,https://ceramicconnection.com/de/blog/post/diferentes-patrones-de-colocacion-para-azulejos-pequenos.html,301,1
/en/blog/entrada/como-darle-un-toque-mediterraneo-a-un-piso-vacacional.html,https://ceramicconnection.com/en/blog/post/como-darle-un-toque-mediterraneo-a-un-piso-vacacional.html,301,1
/en/blog/entrada/pedir-15-mas.html,https://ceramicconnection.com/en/blog/post/pedir-15-mas.html,301,1
/fr/blog/entree/porcelanico-vs-revestimiento.html,https://ceramicconnection.com/fr/blog/post/porcelanico-vs-revestimiento.html,301,1
/de/blog/entrada/wie-verleiht-man-einer-ferienwohnung-einen-mediterranen-touch.html,https://ceramicconnection.com/de/blog/post/wie-verleiht-man-einer-ferienwohnung-einen-mediterranen-touch.html,301,1
/nl/blog/entrada/como-limpiar-las-juntas-de-los-azulejos.html,https://ceramicconnection.com/nl/blog/post/como-limpiar-las-juntas-de-los-azulejos.html,301,1
/fr/blog/entree/le-style-kinfolk-une-approche-detendue-et-naturelle-de-la-decoration-interieure.html,https://ceramicconnection.com/fr/blog/post/le-style-kinfolk-une-approche-detendue-et-naturelle-de-la-decoration-interieure.html,301,1
/pt/blog/entrada/entrada-5.html,https://ceramicconnection.com/pt/blog/post/entrada-5.html,301,1
/en/blog/entrada/how-interior-design-can-influence-the-success-of-a-business.html,https://ceramicconnection.com/en/blog/post/how-interior-design-can-influence-the-success-of-a-business.html,301,1
/pt/blog/entrada/ideas-creativas-de-que-hacer-con-los-azulejos-sobrantes.html,https://ceramicconnection.com/pt/blog/post/ideas-creativas-de-que-hacer-con-los-azulejos-sobrantes.html,301,1
/fr/blog/entree/ajoutez-une-touche-de-couleur-aux-joints.html,https://ceramicconnection.com/fr/blog/post/ajoutez-une-touche-de-couleur-aux-joints.html,301,1
/de/blog/entrada/kinfolk-style-eine-entspannte-und-naturliche-herangehensweise-an-die-raumgestaltung.html,https://ceramicconnection.com/de/blog/post/kinfolk-style-eine-entspannte-und-naturliche-herangehensweise-an-die-raumgestaltung.html,301,1
/de/blog/entrada/azulejos-rectificados-vs-no-rectificados.html,https://ceramicconnection.com/de/blog/post/azulejos-rectificados-vs-no-rectificados.html,301,1
/en/blog/entrada/how-to-give-a-mediterranean-touch-to-a-holiday-flat.html,https://ceramicconnection.com/en/blog/post/how-to-give-a-mediterranean-touch-to-a-holiday-flat.html,301,1
/de/blog/entrada/porcelanico-vs-revestimiento.html,https://ceramicconnection.com/de/blog/post/porcelanico-vs-revestimiento.html,301,1
/fr/blog/entree/comment-l-amenagement-interieur-peut-influencer-le-succes-d-une-entreprise.html,https://ceramicconnection.com/fr/blog/post/comment-l-amenagement-interieur-peut-influencer-le-succes-d-une-entreprise.html,301,1
/pt/blog/entrada/inspiracao-para-a-sua-mesa-de-natal.html,https://ceramicconnection.com/pt/blog/post/inspiracao-para-a-sua-mesa-de-natal.html,301,1
/nl/blog/entrada/consejos-para-encontrar-los-azulejos-perfectos-para-tu-diseno.html,https://ceramicconnection.com/nl/blog/post/consejos-para-encontrar-los-azulejos-perfectos-para-tu-diseno.html,301,1
/pt/blog/entrada/color-pantone-2024.html,https://ceramicconnection.com/pt/blog/post/color-pantone-2024.html,301,1
/fr/blog/entree/inspiracion-para-tu-mesa-navidena.html,https://ceramicconnection.com/fr/blog/post/inspiracion-para-tu-mesa-navidena.html,301,1
/nl/blog/entrada/vitaliteit-in-elk-detail-het-verkennen-van-een-frisse-stijl.html,https://ceramicconnection.com/nl/blog/post/vitaliteit-in-elk-detail-het-verkennen-van-een-frisse-stijl.html,301,1
/de/blog/entrada/por-que-utilizar-azulejos-ceramicos.html,https://ceramicconnection.com/de/blog/post/por-que-utilizar-azulejos-ceramicos.html,301,1
/pt/blog/entrada/entrada-3.html,https://ceramicconnection.com/pt/blog/post/entrada-3.html,301,1
/en/blog/entrada/ceramic-tiles-in-exteriors.html,https://ceramicconnection.com/en/blog/post/ceramic-tiles-in-exteriors.html,301,1
/de/blog/entrada/como-el-interiorismo-puede-influir-en-el-exito-de-un-negocio.html,https://ceramicconnection.com/de/blog/post/como-el-interiorismo-puede-influir-en-el-exito-de-un-negocio.html,301,1
/en/blog/entrada/el-minimalismo-como-forma-de-vida.html,https://ceramicconnection.com/en/blog/post/el-minimalismo-como-forma-de-vida.html,301,1
/pt/blog/entrada/consejos-para-encontrar-los-azulejos-perfectos-para-tu-diseno.html,https://ceramicconnection.com/pt/blog/post/consejos-para-encontrar-los-azulejos-perfectos-para-tu-diseno.html,301,1
/de/blog/entrada/pedir-15-mas.html,https://ceramicconnection.com/de/blog/post/pedir-15-mas.html,301,1
/de/blog/entrada/wie-man-die-richtige-anti-rutsch-stufe-auswahlt.html,https://ceramicconnection.com/de/blog/post/wie-man-die-richtige-anti-rutsch-stufe-auswahlt.html,301,1
/pt/blog/entrada/inspiracion-para-tu-mesa-navidena.html,https://ceramicconnection.com/pt/blog/post/inspiracion-para-tu-mesa-navidena.html,301,1
/nl/blog/entrada/inspiratie-voor-je-kersttafel.html,https://ceramicconnection.com/nl/blog/post/inspiratie-voor-je-kersttafel.html,301,1
/de/blog/entrada/mezclando-azulejos.html,https://ceramicconnection.com/de/blog/post/mezclando-azulejos.html,301,1
