/ceramica/azulejo-porcelanico-carino-blue.html;https://ceramicconnection.com/es/baldosas-ceramicas/carino-azul.html;301;1
/contenido/politica-de-privacidade;https://ceramicconnection.com/pt/contenido/politica-de-privacidade;301;1
/contenido/politique-de-confidentialite;https://ceramicconnection.com/fr/contenido/politique-de-confidentialite;301;1
/contenido/privacy-policy;https://ceramicconnection.com/en/contenido/privacy-policy;301;1
/contenido/privacybeleid;https://ceramicconnection.com/nl/contenido/privacybeleid;301;1
/de/azulejos/azulejos-pulido;https://ceramicconnection.com/de/kacheln/polieren;301;1
/de/azulejos/piscina;https://ceramicconnection.com/de/kacheln/schwimmbad;301;1
/de/brands;https://ceramicconnection.com/de/installation-und-wartung?q=Marke-Kerakoll-MAPEI;301;1
/de/ceramica/argile-brun-rodapie.html;https://ceramicconnection.com/de/keramik/argile-sand-radweg.html;301;1
/de/ceramica/azulejo-porcelanico-belice-cloud.html;https://ceramicconnection.com/de/keramik/belice-cloud-60x120.html;301;1
/de/ceramica/azulejo-porcelanico-belice-graphite.html;https://ceramicconnection.com/de/keramik/belice-graphite-60x120.html;301;1
/de/ceramica/azulejo-porcelanico-doha-gris-decor-60x60.html;https://ceramicconnection.com/de/keramik/doha-schwarz-dekor.html;301;1
/de/ceramica/azulejo-porcelanico-taiga-natural.html;https://ceramicconnection.com/de/keramik/naturliche-taiga.html;301;1
/de/ceramica/azulejo-porcelanico-turin-carbon-30x60.html;https://ceramicconnection.com/de/keramik/turin-carbon-30x60.html;301;1
/de/ceramica/bali-verde.html;https://ceramicconnection.com/de/keramik/bali-grun.html;301;1
/de/ceramica/bisel-blanco-mate.html;https://ceramicconnection.com/de/keramik/mattweisse-lunette.html;301;1
/de/ceramica/bisel-negro-brillante.html;https://ceramicconnection.com/de/keramik/schwarzer-bissel.html;301;1
/de/ceramica/camden-esmeralda.html;https://ceramicconnection.com/de/keramik/emerald-camden.html;301;1
/de/ceramica/cemento;https://ceramicconnection.com/de/keramik/zement;301;1
/de/ceramica/creta-50-rosa.html;https://ceramicconnection.com/de/keramik/kreta-50-rosa.html;301;1
/de/ceramica/esquina-negro-brillo.html;https://ceramicconnection.com/de/keramik/schwarze-glanzende-ecke.html;301;1
/de/ceramica/estilo-moderno;https://ceramicconnection.com/de/keramik/moderner-stil;301;1
/de/ceramica/granito-colors.html;https://ceramicconnection.com/de/keramik/granit-farben.html;301;1
/de/ceramica/hidraulico-decor-1.html;https://ceramicconnection.com/de/keramik/hydraulisches-dekor-1.html;301;1
/de/ceramica/hidraulico-decor-2.html;https://ceramicconnection.com/de/keramik/hydraulisches-dekor-2.html;301;1
/de/ceramica/hidraulico-gris.html;https://ceramicconnection.com/de/keramik/graue-hydraulik.html;301;1
/de/ceramica/hidraulicos;https://ceramicconnection.com/de/keramik/hydraulik;301;1
/de/ceramica/jungle-marino.html;https://ceramicconnection.com/de/keramik/meeresjungel.html;301;1
/de/ceramica/jungle-tapis-eden.html;https://ceramicconnection.com/de/keramik/dschungel-tapis-eden.html;301;1
/de/ceramica/jungle-tapis-jungle.html;https://ceramicconnection.com/de/keramik/dschungel-tapis-dschungel.html;301;1
/de/ceramica/look-industrial;https://ceramicconnection.com/de/keramik/industriell;301;1
/de/ceramica/malmo-natural-decor.html;https://ceramicconnection.com/de/keramik/naturliche-dekoration.html;301;1
/de/ceramica/morocco-azul.html;https://ceramicconnection.com/de/keramik/marokkoblau.html;301;1
/de/ceramica/morocco-cotto.html;https://ceramicconnection.com/de/keramik/morocco-terrakotta.html;301;1
/de/ceramica/morocco-verde.html;https://ceramicconnection.com/de/keramik/marokko-grun.html;301;1
/de/ceramica/mosaico-malmo-natural.html;https://ceramicconnection.com/de/keramik/malmo-fischgrat-natur.html;301;1
/de/ceramica/mosaico-taiga-light-10x10.html;https://ceramicconnection.com/de/keramik/taiga-light-mosaic.html;301;1
/de/ceramica/mosaico-viena-blanco.html;https://ceramicconnection.com/de/keramik/wien-weiss-mosaik.html;301;1
/de/ceramica/natural-blanco-brillo.html;https://ceramicconnection.com/de/keramik/naturweiss-glanzend.html;301;1
/de/ceramica/natural-blanco-mate.html;https://ceramicconnection.com/de/keramik/naturmatt-weiss.html;301;1
/de/ceramica/pure-gris-brillo-7x30.html;https://ceramicconnection.com/de/keramik/reines-glanzendes-grau.html;301;1
/de/ceramica/pure-gris-mate.html;https://ceramicconnection.com/de/keramik/reines-mattes-grau.html;301;1
/de/ceramica/pure-negro-mate-7x30.html;https://ceramicconnection.com/de/keramik/rein-mattschwarz.html;301;1
/de/ceramica/rodapie-blanco-mate.html;https://ceramicconnection.com/de/keramik/mattweisse-fussleiste.html;301;1
/de/ceramica/terrazo-antracita.html;https://ceramicconnection.com/de/keramik/anthrazitfarbener-terrazzo.html;301;1
/de/ceramica/terrazo-decor-1.html;https://ceramicconnection.com/de/keramik/terrazzo-dekor-1.html;301;1
/de/ceramica/terrazo-decor-2.html;https://ceramicconnection.com/de/keramik/terrazzo-dekor-2.html;301;1
/de/ceramica/terrazo-gris.html;https://ceramicconnection.com/de/keramik/grauer-terrazzo.html;301;1
/de/ceramica/terrazo-verde.html;https://ceramicconnection.com/de/keramik/grune-terrasse.html;301;1
/de/ceramica/toronto-rosa.html;https://ceramicconnection.com/de/keramik/toronto-blassrosa.html;301;1
/de/ceramica/viena-blanco-30x60.html;https://ceramicconnection.com/de/keramik/wiener-weiss-30x60.html;301;1
/de/ceramica/viena-blanco-60x60.html;https://ceramicconnection.com/de/keramik/wiener-weiss.html;301;1
/de/glasmosaik/mosaico-acquaris-maldivas.html;https://ceramicconnection.com/de/glasmosaik/acquaris-malediven-mosaik.html;301;1
/de/glasmosaik/mosaico-bruma-azul-cobalto-as.html;https://ceramicconnection.com/de/glasmosaik/rutschfestes-kobaltblaues-nebelmosaik.html;301;1
/de/glasmosaik/mosaico-bruma-azul-cobalto.html;https://ceramicconnection.com/de/glasmosaik/kobaltblaues-nebelmosaik.html;301;1
/de/glasmosaik/mosaico-bruma-azul-mediterraneo-as.html;https://ceramicconnection.com/de/glasmosaik/mosaik-blau-mediterraner-nebel.html;301;1
/de/glasmosaik/mosaico-bruma-gris-as.html;https://ceramicconnection.com/de/glasmosaik/graues-nebelmosaik.html;301;1
/de/glasmosaik/mosaico-bruma-verde-aguamarina-as.html;https://ceramicconnection.com/de/glasmosaik/aquamaringrunes-nebelmosaik.html;301;1
/de/glasmosaik/mosaico-bruma-verde-aqua.html;https://ceramicconnection.com/de/glasmosaik/aquagrunes-nebelmosaik.html;301;1
/de/index.php?controller=cms;https://ceramicconnection.com/de/seite-nicht-gefunden;301;1
/de/index.php?controller=module-ps_emailalerts-account;https://ceramicconnection.com/de/seite-nicht-gefunden;301;1
/de/instalacion-y-mantenimiento/cement-color-00492.html;https://ceramicconnection.com/de/installation-und-wartung/zementfarbe-00492.html;301;1
/de/instalacion-y-mantenimiento/crucetas-2mm.html;https://ceramicconnection.com/de/installation-und-wartung/kreuze-2mm.html;301;1
/de/instalacion-y-mantenimiento/fugabella-color-01.html;https://ceramicconnection.com/de/installation-und-wartung/fugabella-farbe-01.html;301;1
/de/instalacion-y-mantenimiento/fugabella-color-02.html;https://ceramicconnection.com/de/installation-und-wartung/fugabella-farbe-02.html;301;1
/de/instalacion-y-mantenimiento/fugabella-color-03.html;https://ceramicconnection.com/de/installation-und-wartung/fugabella-farbe-03.html;301;1
/de/instalacion-y-mantenimiento/fugabella-color-04.html;https://ceramicconnection.com/de/installation-und-wartung/fugabella-farbe-04.html;301;1
/de/instalacion-y-mantenimiento/fugabella-color-11.html;https://ceramicconnection.com/de/installation-und-wartung/fugabella-farbe-11.html;301;1
/de/instalacion-y-mantenimiento/fugabella-color-17.html;https://ceramicconnection.com/de/installation-und-wartung/fugabella-farbe-17.html;301;1
/de/instalacion-y-mantenimiento/mapei-ultracolor-110.html;https://ceramicconnection.com/de/installation-und-wartung/mapei-ultracolor-plus-110.html;301;1
/de/instalacion-y-mantenimiento/mapei-ultracolor-114.html;https://ceramicconnection.com/de/installation-und-wartung/mapei-ultracolor-plus-114.html;301;1
/de/instalacion-y-mantenimiento/mapei-ultracolor-133.html;https://ceramicconnection.com/de/installation-und-wartung/mapei-ultracolor-plus-133.html;301;1
/de/instalacion-y-mantenimiento/mapei-ultracolor-137.html;https://ceramicconnection.com/de/installation-und-wartung/mapei-ultracolor-plus-137.html;301;1
/de/instalacion-y-mantenimiento/mapei-ultracolor-168.html;https://ceramicconnection.com/de/installation-und-wartung/mapei-ultracolor-plus-168.html;301;1
/de/installation-und-wartung/2-mm-kreuze.html;https://ceramicconnection.com/de/installation-und-wartung/kreuze-2mm.html;301;1
/de/installation-und-wartung/bioflex-blanco-kerakoll.html;https://ceramicconnection.com/de/installation-und-wartung/bioflex-weiss-kerakoll.html;301;1
/de/installation-und-wartung/crucetas-2mm.html;https://ceramicconnection.com/de/installation-und-wartung/kreuze-2mm.html;301;1
/de/installation-und-wartung/cubo-plastico-12.html;https://ceramicconnection.com/de/installation-und-wartung/mischeimer.html;301;1
/de/installation-und-wartung/esponja-suave-bellota.html;https://ceramicconnection.com/de/installation-und-wartung/weicher-reinigungsschwamm.html;301;1
/de/installation-und-wartung/fugabella-color-17.html;https://ceramicconnection.com/de/installation-und-wartung/fugabella-farbe-17.html;301;1
/de/installation-und-wartung/fugabella-color-20.html;https://ceramicconnection.com/de/installation-und-wartung/fugabella-farbe-20.html;301;1
/de/installation-und-wartung/fugabella-color-28.html;https://ceramicconnection.com/de/installation-und-wartung/fugabella-farbe-28.html;301;1
/de/installation-und-wartung/fugabella-color-29.html;https://ceramicconnection.com/de/installation-und-wartung/fugabella-farbe-29.html;301;1
/de/installation-und-wartung/fugabella-color-32.html;https://ceramicconnection.com/de/installation-und-wartung/fugabella-farbe-32.html;301;1
/de/installation-und-wartung/fugabella-color-40.html;https://ceramicconnection.com/de/installation-und-wartung/fugabella-farbe-40.html;301;1
/de/installation-und-wartung/fugabella-color-41.html;https://ceramicconnection.com/de/installation-und-wartung/fugabella-farbe-41.html;301;1
/de/installation-und-wartung/fugabella-color-42.html;https://ceramicconnection.com/de/installation-und-wartung/fugabella-farbe-42.html;301;1
/de/installation-und-wartung/fugabella-color-45.html;https://ceramicconnection.com/de/installation-und-wartung/fugabella-farbe-45.html;301;1
/de/installation-und-wartung/fugabella-color-50.html;https://ceramicconnection.com/de/installation-und-wartung/fugabella-farbe-50.html;301;1
/de/installation-und-wartung/fugabella-eco-04-gris-hierro.html;https://ceramicconnection.com/de/installation-und-wartung/fugabella-eco-porzellan-0-5-04-grau-eisen.html;301;1
/de/installation-und-wartung/fugabella-eco-11-marron.html;https://ceramicconnection.com/de/installation-und-wartung/fugabella-eco-porzellan-0-5-11-braun.html;301;1
/de/installation-und-wartung/fugabella-eco-15-oceano.html;https://ceramicconnection.com/de/installation-und-wartung/fugabella-eco-porzellan-0-5-15-ozean.html;301;1
/de/installation-und-wartung/fugabella-eco-27-sunset.html;https://ceramicconnection.com/de/installation-und-wartung/fugabella-eco-porzellan-0-5-27-sunset.html;301;1
/de/installation-und-wartung/fugabella-eco-29-verde-asturias.html;https://ceramicconnection.com/de/installation-und-wartung/fugabella-eco-porcelana-0-5-29-grun-asturien.html;301;1
/de/installation-und-wartung/fugabella-eco-31-beige-dakar.html;https://ceramicconnection.com/de/installation-und-wartung/fugabella-farbe-31.html;301;1
/de/installation-und-wartung/fugabella-eco-porcelana-0-5-21-rojo.html;https://ceramicconnection.com/de/installation-und-wartung/fugabella-eco-porzellan-0-5-21-rot.html;301;1
/de/installation-und-wartung/fugabella-eco-porcelana-0-5-23-amarillo.html;https://ceramicconnection.com/de/installation-und-wartung/fugabella-eco-porzellan-0-5-23-gelb.html;301;1
/de/installation-und-wartung/mapei-ultracolor-103.html;https://ceramicconnection.com/de/installation-und-wartung/mapei-ultracolor-plus-103.html;301;1
/de/installation-und-wartung/mapei-ultracolor-114.html;https://ceramicconnection.com/de/installation-und-wartung/mapei-ultracolor-plus-114.html;301;1
/de/installation-und-wartung/mapei-ultracolor-132.html;https://ceramicconnection.com/de/installation-und-wartung/mapei-ultracolor-plus-132.html;301;1
/de/installation-und-wartung/mapei-ultracolor-135.html;https://ceramicconnection.com/de/installation-und-wartung/mapei-ultracolor-plus-135.html;301;1
/de/installation-und-wartung/mapei-ultracolor-137.html;https://ceramicconnection.com/de/installation-und-wartung/mapei-ultracolor-plus-137.html;301;1
/de/installation-und-wartung/mapei-ultracolor-163.html;https://ceramicconnection.com/de/installation-und-wartung/mapei-ultracolor-plus-163.html;301;1
/de/installation-und-wartung/mapei-ultracolor-167.html;https://ceramicconnection.com/de/installation-und-wartung/mapei-ultracolor-plus-167.html;301;1
/de/installation-und-wartung/mapei-ultracolor-176.html;https://ceramicconnection.com/de/installation-und-wartung/mapei-ultracolor-plus-176.html;301;1
/de/kacheln/bad/home;https://ceramicconnection.com/de/kacheln/bad;301;1
/de/keramik/argile-sand-30x20.html;https://ceramicconnection.com/de/keramik/argile-sand-20x30.html;301;1
/de/keramik/argile-sand-rodapie.html;https://ceramicconnection.com/de/keramik/argile-sand-radweg.html;301;1
/de/keramik/azulejo-porcelanico-bali-light.html;https://ceramicconnection.com/de/keramik/bali-licht.html;301;1
/de/keramik/azulejo-porcelanico-caen-arcilla.html;https://ceramicconnection.com/de/keramik/lehmfall.html;301;1
/de/keramik/azulejo-porcelanico-caen-carbon.html;https://ceramicconnection.com/de/keramik/kohlenstoff-fallt.html;301;1
/de/keramik/azulejo-porcelanico-caen-hueso-abujardado.html;https://ceramicconnection.com/de/keramik/bush-hammered-bone-fall.html;301;1
/de/keramik/azulejo-porcelanico-natura-dark.html;https://ceramicconnection.com/de/keramik/dunkle-natur.html;301;1
/de/keramik/azulejo-porcelanico-natura-light.html;https://ceramicconnection.com/de/keramik/naturlicht.html;301;1
/de/keramik/azulejo-porcelanico-rhodas-decor.html;https://ceramicconnection.com/de/keramik/rhodes-dekor.html;301;1
/de/keramik/azulejo-porcelanico-rhodas.html;https://ceramicconnection.com/de/keramik/rhodos.html;301;1
/de/keramik/azulejo-porcelanico-turin-ceniza-60x60.html;https://ceramicconnection.com/de/keramik/turin-ceniza-60x60.html;301;1
/de/keramik/azulejo-porcelanico-turin-nube-30x60.html;https://ceramicconnection.com/de/keramik/turin-cloud-30x60.html;301;1
/de/keramik/azulejo-porcelanico-valona-hueso.html;https://ceramicconnection.com/de/keramik/wallonischer-knochen.html;301;1
/de/keramik/azulejo-porcelanico-valona-negro.html;https://ceramicconnection.com/de/keramik/schwarze-valona.html;301;1
/de/keramik/bisel-negro-brillante.html;https://ceramicconnection.com/de/keramik/schwarzer-bissel.html;301;1
/de/keramik/borgona-antracita-multiformato.html;https://ceramicconnection.com/de/keramik/bourgogne.html;301;1
/de/keramik/copy-of-creta-50-blanco.html;https://ceramicconnection.com/de/keramik/creta-50-weiss.html;301;1
/de/keramik/creta-50-azul-oscuro.html;https://ceramicconnection.com/de/keramik/kreta-50-dunkelblau.html;301;1
/de/keramik/creta-50-cielo.html;https://ceramicconnection.com/de/keramik/kreta-50-himmel.html;301;1
/de/keramik/creta-50-negro.html;https://ceramicconnection.com/de/keramik/creta-50-schwarz.html;301;1
/de/keramik/creta-50-plata.html;https://ceramicconnection.com/de/keramik/kreta-50-silber.html;301;1
/de/keramik/creta-50-salvia.html;https://ceramicconnection.com/de/keramik/kreta-50-salbei.html;301;1
/de/keramik/creta-50-verde-oscuro.html;https://ceramicconnection.com/de/keramik/kreta-50-dunkelgrun.html;301;1
/de/keramik/esquina-hueso-brillo.html;https://ceramicconnection.com/de/keramik/helle-knochenecke.html;301;1
/de/keramik/esquina-negro-brillo.html;https://ceramicconnection.com/de/keramik/schwarze-glanzende-ecke.html;301;1
/de/keramik/Hidraulico-terra.html;https://ceramicconnection.com/de/keramik/wasserkraft.html;301;1
/de/keramik/london-classic.html;https://ceramicconnection.com/de/keramik/londoner-klassiker.html;301;1
/de/keramik/malmo-natural-decor.html;https://ceramicconnection.com/de/keramik/naturliche-dekoration.html;301;1
/de/keramik/morocco-azul.html;https://ceramicconnection.com/de/keramik/morocco-blau.html;301;1
/de/keramik/morocco-cotto.html;https://ceramicconnection.com/de/keramik/marokko-baumwolle.html;301;1
/de/keramik/morocco-hueso.html;https://ceramicconnection.com/de/keramik/marokko-knochen.html;301;1
/de/keramik/morocco-verde.html;https://ceramicconnection.com/de/keramik/marokko-grun.html;301;1
/de/keramik/mosaico-caen-arcilla.html;https://ceramicconnection.com/de/keramik/lehmfall.html;301;1
/de/keramik/mosaico-caen-hierro.html;https://ceramicconnection.com/de/keramik/eiserner-fall.html;301;1
/de/keramik/mosaico-nogal-miel-30x44.html;https://ceramicconnection.com/de/keramik/mosaico-nogal-miel.html;301;1
/de/keramik/mosaico-taiga-natural-10x10.html;https://ceramicconnection.com/de/keramik/taiga-natural-mosaic.html;301;1
/de/keramik/mosaico-turin-carbon.html;https://ceramicconnection.com/de/keramik/turin-mosaikkohle.html;301;1
/de/keramik/mosaico-turin-nube.html;https://ceramicconnection.com/de/keramik/turiner-wolkenmosaik.html;301;1
/de/keramik/mosaico-valona-hueso.html;https://ceramicconnection.com/de/keramik/walloon-mosaik-knochen.html;301;1
/de/keramik/mosaico-valona-negro.html;https://ceramicconnection.com/de/keramik/schwarze-wallone-mosaik.html;301;1
/de/keramik/picket-cielo.html;https://ceramicconnection.com/de/keramik/streikpostenhimmel.html;301;1
/de/keramik/picket-gris.html;https://ceramicconnection.com/de/keramik/grey-picket.html;301;1
/de/keramik/picket-hueso.html;https://ceramicconnection.com/de/keramik/picket-knochen.html;301;1
/de/keramik/picket-musgo.html;https://ceramicconnection.com/de/keramik/muscheln.html;301;1
/de/keramik/picket-negro.html;https://ceramicconnection.com/de/keramik/black-picket.html;301;1
/de/keramik/picket-ocean0.html;https://ceramicconnection.com/de/keramik/ozean-streikposten.html;301;1
/de/keramik/picket-plata.html;https://ceramicconnection.com/de/keramik/picket-silber.html;301;1
/de/keramik/picket-rosa.html;https://ceramicconnection.com/de/keramik/rosa-streikposten.html;301;1
/de/keramik/pure-gris-brillo-7x30.html;https://ceramicconnection.com/de/keramik/reines-glanzendes-grau.html;301;1
/de/keramik/pure-negro-brillo-7x30.html;https://ceramicconnection.com/de/keramik/rein-schwarz-glanz.html;301;1
/de/keramik/rio-azul.html;https://ceramicconnection.com/de/keramik/blauer-fluss.html;301;1
/de/keramik/taiga-natural.html;https://ceramicconnection.com/de/keramik/naturliche-taiga.html;301;1
/de/mosaico-de-vidrio/mosaico-bruma-azul-mediterraneo.html;https://ceramicconnection.com/de/glasmosaik/mittelmeerblaues-nebelmosaik.html;301;1
/de/piedras/fachaleta-piedra-hielo.html;https://ceramicconnection.com/de/steine/fassade-stein-eis.html;301;1
/de/piedras/piedra-bali-20x20.html;https://ceramicconnection.com/es/piedras/piedra-bali-20x20.html;301;1
/de/proben;https://ceramicconnection.com/de/contenido/mustersuecke;301;1
/de/steine/fachaleta-cuarzo-hueso.html;https://ceramicconnection.com/de/steine/knochenquarzfassade.html;301;1
/de/steine/fachaleta-piedra-natural.html;https://ceramicconnection.com/de/steine/naturstein.html;301;1
/de/steine/mosaico-circular-hueso.html;https://ceramicconnection.com/de/steine/kreisformiges-knochenmosaik.html;301;1
/de/steine/mosaico-hexagonal-hueso.html;https://ceramicconnection.com/de/steine/sechseckiges-knochenmosaik.html;301;1
/de/steine/piedra-bali-10x10.html;https://ceramicconnection.com/de/steine/bali-stein-10x10.html;301;1
/de/steine/piedra-bali-20x20.html;https://ceramicconnection.com/de/steine/bali-stein-20x20.html;301;1
/de/steine/piedra-ocean-10x10.html;https://ceramicconnection.com/de/steine/ozeanstein-10x10.html;301;1
/de/steine/piedra-ocean-20x20.html;https://ceramicconnection.com/de/steine/ozeanstein-20x20.html;301;1
/de/steine/ushuaia-antracita-30x50.html;https://ceramicconnection.com/de/steine/ushuaia-anthrazit-30x50.html;301;1
/de/steine/ushuaia-gris-30x50.html;https://ceramicconnection.com/de/steine/ushuaia-grau-30x50.html;301;1
/de/verkaufshits;https://ceramicconnection.com/de/bester-verkaufer;301;1
/en/best-sales;https://ceramicconnection.com/en/best-seller;301;1
/en/blog/entrada/ceramica;https://ceramicconnection.com/en/blog/categoria/ceramica.html;301;1
/en/brands;https://ceramicconnection.com/en/installation-and-maintenance?q=Brand-Kerakoll-MAPEI;301;1
/en/ceramic-tiles/ceramica;https://ceramicconnection.com/en/ceramic-tiles;301;1
/en/ceramica/estilo-manual;https://ceramicconnection.com/en/ceramic-tiles/manual;301;1
/en/ceramica/look-industrial;https://ceramicconnection.com/en/ceramic-tiles/industrial-style-tiles;301;1
/en/ceramica/pure-black-gloss-2x10.html;https://ceramicconnection.com/en/ceramic-tiles/pure-black-gloss-25x10.html;301;1
/en/ceramica/rio-greige.html;https://ceramicconnection.com/en/ceramic-tiles/greige-river.html;301;1
/en/ceramica/terrazo-look;https://ceramicconnection.com/en/ceramic-tiles/terrazzo;301;1
/en/ceramics/camden-back-deco.html;https://ceramicconnection.com/en/ceramic-tiles/camden-black-deco.html;301;1
/en/ceramics/look-industrial;https://ceramicconnection.com/en/ceramic-tiles/industrial-style-tiles;301;1
/en/ceramics/mosaic-laos-coal.html;https://ceramicconnection.com/en/ceramic-tiles/laos-coal-mosaic.html;301;1
/en/ceramics/mosaic-laos-grey.html;https://ceramicconnection.com/en/ceramic-tiles/laos-grey-mosaic.html;301;1
/en/ceramics/mosaic-malmo-ash.html;https://ceramicconnection.com/en/ceramic-tiles/malmo-ash-herringbone.html;301;1
/en/ceramics/mosaic-malmo-natural.html;https://ceramicconnection.com/en/ceramic-tiles/malmo-natural-herringbone.html;301;1
/en/ceramics/mosaic-taiga-natural-10x10.html;https://ceramicconnection.com/en/ceramic-tiles/taiga-natural-mosaic.html;301;1
/en/ceramics/mosaic-walnut-honey-30x44.html;https://ceramicconnection.com/en/ceramic-tiles/walnut-honey-mosaic.html;301;1
/en/ceramics/mosaico-viena-white.html;https://ceramicconnection.com/en/ceramic-tiles/viena-white-mosaic.html;301;1
/en/ceramics/natural-black-gloss-7x30.html;https://ceramicconnection.com/en/ceramic-tiles/natural-white-gloss-75x30.html;301;1
/en/ceramics/porcelain-tile-belice-graphite.html;https://ceramicconnection.com/en/ceramic-tiles/belice-graphite-60x120.html;301;1
/en/ceramics/porcelain-tile-caen-bone-hammered.html;https://ceramicconnection.com/en/ceramic-tiles/caen-bone-hammered.html;301;1
/en/ceramics/porcelain-tile-caen-clay-hammered.html;https://ceramicconnection.com/en/ceramic-tiles/caen-coal-hammered.html;301;1
/en/ceramics/porcelain-tile-caen-coal-hammered.html;https://ceramicconnection.com/en/ceramic-tiles/caen-coal-hammered.html;301;1
/en/ceramics/porcelain-tile-caen-coal.html;https://ceramicconnection.com/en/ceramic-tiles/caen-coal.html;301;1
/en/ceramics/porcelain-tile-calacatta-polished.html;https://ceramicconnection.com/en/ceramic-tiles/calacatta-polished-100x100.html;301;1
/en/ceramics/porcelain-tile-doha-black-30x60.html;https://ceramicconnection.com/en/ceramic-tiles/doha-black-30x60.html;301;1
/en/ceramics/porcelain-tile-doha-black-60x60.html;https://ceramicconnection.com/en/ceramic-tiles/doha-black-60x60.html;301;1
/en/ceramics/porcelain-tile-doha-black-deco-60x60.html;https://ceramicconnection.com/en/ceramic-tiles/doha-black-deco.html;301;1
/en/ceramics/porcelain-tile-doha-grey-30x60.html;https://ceramicconnection.com/en/ceramic-tiles/doha-grey-30x60.html;301;1
/en/ceramics/porcelain-tile-doha-grey-60x60.html;https://ceramicconnection.com/en/ceramic-tiles/doha-grey-60x60.html;301;1
/en/ceramics/porcelain-tile-doha-white.html;https://ceramicconnection.com/en/ceramic-tiles/doha-white.html;301;1
/en/ceramics/porcelain-tile-malmo-ash.html;https://ceramicconnection.com/en/ceramic-tiles/malmo-ash.html;301;1
/en/ceramics/porcelain-tile-malmo-natural.html;https://ceramicconnection.com/en/ceramic-tiles/natural-malmo.html;301;1
/en/ceramics/porcelain-tile-taiga-light.html;https://ceramicconnection.com/en/ceramic-tiles/taiga-light.html;301;1
/en/ceramics/porcelain-tile-turin-cloud-60x60.html;https://ceramicconnection.com/en/ceramic-tiles/turin-cloud-60x60.html;301;1
/en/ceramics/pure-black-gloss-2x10.html;https://ceramicconnection.com/en/ceramic-tiles/pure-black-gloss-25x10.html;301;1
/en/ceramics/pure-black-gloss-7x30.html;https://ceramicconnection.com/en/ceramic-tiles/pure-black-gloss-75x30.html;301;1
/en/ceramics/pure-black-matt-7x30.html;https://ceramicconnection.com/en/ceramic-tiles/pure-black-matt-75x30.html;301;1
/en/ceramics/pure-bone-gloss-7x30.html;https://ceramicconnection.com/en/ceramic-tiles/pure-bone-gloss-75x30.html;301;1
/en/ceramics/pure-bone-matt-7x30.html;https://ceramicconnection.com/en/ceramic-tiles/pure-bone-matt-75x30.html;301;1
/en/ceramics/pure-grey-gloss-7x30.html;https://ceramicconnection.com/en/ceramic-tiles/pure-grey-gloss-75x30.html;301;1
/en/ceramics/pure-grey-matt-7x30.html;https://ceramicconnection.com/en/ceramic-tiles/pure-grey-matt-75x30.html;301;1
/en/ceramics/pure-white-matt-2x10.html;https://ceramicconnection.com/en/ceramic-tiles/pure-white-matt-2x10.html;301;1
/en/ceramics/pure-white-matt-7x30.html;https://ceramicconnection.com/en/ceramic-tiles/pure-white-matt-75x30.html;301;1
/en/ceramics/terrazo-look;https://ceramicconnection.com/en/ceramic-tiles/terrazzo;301;1
/en/ceramics/viena-coal-60x60.html;https://ceramicconnection.com/en/ceramic-tiles/viena-coal.html;301;1
/en/ceramics/wood-marbella-natural.html;https://ceramicconnection.com/en/ceramic-tiles/marbella-natural.html;301;1
/en/glass-mosaic/mosaic-bruma-aqua-green-as.html;https://ceramicconnection.com/en/glass-mosaic/mosaic-bruma-aqua-green-antislip.html;301;1
/en/glass-mosaic/mosaic-bruma-cobalt-blue-as.html;https://ceramicconnection.com/en/glass-mosaic/mosaic-bruma-cobalt-blue.html;301;1
/en/home/.html;https://ceramicconnection.com/en/;301;1
/en/index.php?controller=category;https://ceramicconnection.com/en/page-not-found;301;1
/en/index.php?controller=cms;https://ceramicconnection.com/en/page-not-found;301;1
/en/index.php?controller=module-ps_emailalerts-account;https://ceramicconnection.com/en/page-not-found;301;1
/en/instalacion-y-mantenimiento/bioflex-blanco-kerakoll.html;https://ceramicconnection.com/en/installation-and-maintenance/bioflex-white-kerakoll.html;301;1
/en/instalacion-y-mantenimiento/clips-nivelacion-1mm.html;https://ceramicconnection.com/en/installation-and-maintenance/leveling-clips-1mm.html;301;1
/en/instalacion-y-mantenimiento/cunas-nivelacion.html;https://ceramicconnection.com/en/installation-and-maintenance/leveling-wedges.html;301;1
/en/instalacion-y-mantenimiento/disco-diamante.html;https://ceramicconnection.com/en/installation-and-maintenance/diamond-blade-for-porcelain-tile.html;301;1
/en/instalacion-y-mantenimiento/esponja-mixta-bellota.html;https://ceramicconnection.com/en/installation-and-maintenance/hard-cleaning-sponge.html;301;1
/en/instalacion-y-mantenimiento/esponja-suave-bellota.html;https://ceramicconnection.com/en/installation-and-maintenance/soft-cleaning-sponge.html;301;1
/en/instalacion-y-mantenimiento/llana-dentada.html;https://ceramicconnection.com/en/installation-and-maintenance/serrated-trowel.html;301;1
/en/instalacion-y-mantenimiento/mapei-ultracolor-136.html;https://ceramicconnection.com/en/installation-and-maintenance/mapei-ultracolor-plus-136.html;301;1
/en/instalacion-y-mantenimiento/mazo-goma.html;https://ceramicconnection.com/en/installation-and-maintenance/rubber-mallet.html;301;1
/en/installation-and-maintenance/ceramica;https://ceramicconnection.com/en/installation-and-maintenance;301;1
/en/installation-and-maintenance/clips-nivelacion-1mm.html;https://ceramicconnection.com/en/installation-and-maintenance/leveling-clips-1mm.html;301;1
/en/installation-and-maintenance/cubo-plastico-12.html;https://ceramicconnection.com/en/installation-and-maintenance/mixing-bucket.html;301;1
/en/installation-and-maintenance/cunas-nivelacion.html;https://ceramicconnection.com/en/installation-and-maintenance/leveling-wedges.html;301;1
/en/installation-and-maintenance/disco-diamante.html;https://ceramicconnection.com/en/installation-and-maintenance/diamond-blade-for-porcelain-tile.html;301;1
/en/installation-and-maintenance/esponja-mixta-bellota.html;https://ceramicconnection.com/en/installation-and-maintenance/hard-cleaning-sponge.html;301;1
/en/installation-and-maintenance/esponja-suave-bellota.html;https://ceramicconnection.com/en/installation-and-maintenance/soft-cleaning-sponge.html;301;1
/en/installation-and-maintenance/fugabella-eco-03-gris-perla.html;https://ceramicconnection.com/en/installation-and-maintenance/fugabella-eco-porcelain-0-5-03-pearl-gray.html;301;1
/en/installation-and-maintenance/fugabella-eco-04-gris-hierro.html;https://ceramicconnection.com/en/installation-and-maintenance/fugabella-eco-porcelain-0-5-04-iron-grey.html;301;1
/en/installation-and-maintenance/fugabella-eco-05-antracita.html;https://ceramicconnection.com/en/installation-and-maintenance/fugabella-eco-porcelain-0-5-05-anthracite.html;301;1
/en/installation-and-maintenance/fugabella-eco-06-negro.html;https://ceramicconnection.com/en/installation-and-maintenance/fugabella-eco-porcelain-0-5-06-black.html;301;1
/en/installation-and-maintenance/fugabella-eco-31-beige-dakar.html;https://ceramicconnection.com/en/installation-and-maintenance/fugabella-eco-porcelain-0-5-31-dakar-beige.html;301;1
/en/installation-and-maintenance/llana-dentada.html;https://ceramicconnection.com/en/installation-and-maintenance/serrated-trowel.html;301;1
/en/installation-and-maintenance/llana-rejuntado.html;https://ceramicconnection.com/en/installation-and-maintenance/jointing-trowel.html;301;1
/en/installation-and-maintenance/mapei-ultracolor-103.html;https://ceramicconnection.com/en/installation-and-maintenance/mapei-ultracolor-plus-103.html;301;1
/en/installation-and-maintenance/mapei-ultracolor-110.html;https://ceramicconnection.com/en/installation-and-maintenance/mapei-ultracolor-plus-110.html;301;1
/en/installation-and-maintenance/mapei-ultracolor-111.html;https://ceramicconnection.com/en/installation-and-maintenance/mapei-ultracolor-plus-111.html;301;1
/en/installation-and-maintenance/mapei-ultracolor-112.html;https://ceramicconnection.com/en/installation-and-maintenance/mapei-ultracolor-plus-112.html;301;1
/en/installation-and-maintenance/mapei-ultracolor-113.html;https://ceramicconnection.com/en/installation-and-maintenance/mapei-ultracolor-plus-113.html;301;1
/en/installation-and-maintenance/mapei-ultracolor-114.html;https://ceramicconnection.com/en/installation-and-maintenance/mapei-ultracolor-plus-114.html;301;1
/en/installation-and-maintenance/mapei-ultracolor-119.html;https://ceramicconnection.com/en/installation-and-maintenance/mapei-ultracolor-plus-119.html;301;1
/en/installation-and-maintenance/mapei-ultracolor-123.html;https://ceramicconnection.com/en/installation-and-maintenance/mapei-ultracolor-plus-123.html;301;1
/en/installation-and-maintenance/mapei-ultracolor-125.html;https://ceramicconnection.com/en/installation-and-maintenance/mapei-ultracolor-plus-125.html;301;1
/en/installation-and-maintenance/mapei-ultracolor-127.html;https://ceramicconnection.com/en/installation-and-maintenance/mapei-ultracolor-plus-127.html;301;1
/en/installation-and-maintenance/mapei-ultracolor-130.html;https://ceramicconnection.com/en/installation-and-maintenance/mapei-ultracolor-plus-130.html;301;1
/en/installation-and-maintenance/mapei-ultracolor-131.html;https://ceramicconnection.com/en/installation-and-maintenance/mapei-ultracolor-plus-131.html;301;1
/en/installation-and-maintenance/mapei-ultracolor-133.html;https://ceramicconnection.com/en/installation-and-maintenance/mapei-ultracolor-plus-133.html;301;1
/en/installation-and-maintenance/mapei-ultracolor-135.html;https://ceramicconnection.com/en/installation-and-maintenance/mapei-ultracolor-plus-135.html;301;1
/en/installation-and-maintenance/mapei-ultracolor-136.html;https://ceramicconnection.com/en/installation-and-maintenance/mapei-ultracolor-plus-136.html;301;1
/en/installation-and-maintenance/mapei-ultracolor-137.html;https://ceramicconnection.com/en/installation-and-maintenance/mapei-ultracolor-plus-137.html;301;1
/en/installation-and-maintenance/mapei-ultracolor-138.html;https://ceramicconnection.com/en/installation-and-maintenance/mapei-ultracolor-plus-138.html;301;1
/en/installation-and-maintenance/mapei-ultracolor-152.html;https://ceramicconnection.com/en/installation-and-maintenance/mapei-ultracolor-plus-152.html;301;1
/en/installation-and-maintenance/mapei-ultracolor-163.html;https://ceramicconnection.com/en/installation-and-maintenance/mapei-ultracolor-plus-163.html;301;1
/en/installation-and-maintenance/mapei-ultracolor-167.html;https://ceramicconnection.com/en/installation-and-maintenance/mapei-ultracolor-plus-167.html;301;1
/en/installation-and-maintenance/mapei-ultracolor-168.html;https://ceramicconnection.com/en/installation-and-maintenance/mapei-ultracolor-plus-168.html;301;1
/en/installation-and-maintenance/mapei-ultracolor-177.html;https://ceramicconnection.com/en/installation-and-maintenance/mapei-ultracolor-plus-177.html;301;1
/en/installation-and-maintenance/mapei-ultracolor-187.html;https://ceramicconnection.com/en/installation-and-maintenance/mapei-ultracolor-plus-187.html;301;1
/en/installation-and-maintenance/mapei-ultracolor-188.html;https://ceramicconnection.com/en/installation-and-maintenance/mapei-ultracolor-plus-188.html;301;1
/en/installation-and-maintenance/mapei-ultracolor-189.html;https://ceramicconnection.com/en/installation-and-maintenance/mapei-ultracolor-plus-189.html;301;1
/en/installation-and-maintenance/mazo-goma.html;https://ceramicconnection.com/es/instalacion-y-mantenimiento/mazo-goma.html;301;1
/en/installation-and-maintenance/mezclador-taladro.html;https://ceramicconnection.com/en/installation-and-maintenance/drill-mixer.html;301;1
/en/installation-and-maintenance/pinzas-nivelacion-ceramica.html;https://ceramicconnection.com/en/installation-and-maintenance/leveling-clamps.html;301;1
/es/azulejos/ceramica;https://ceramicconnection.com/es/baldosas-ceramicas;301;1
/es/ceramica/azulejo-porcelanico-calacatta-polished.html;https://ceramicconnection.com/es/baldosas-ceramicas/calacatta-pulido-60x120.html / https://ceramicconnection.com/es/baldosas-ceramicas/calacatta-pulido-100x100.html;301;1
/es/ceramica/azulejo-porcelanico-pietra-light-polished.html;https://ceramicconnection.com/es/baldosas-ceramicas/pietra-light-pulido-60x120.html;301;1
/es/devoluciones;https://ceramicconnection.com/es/contenido/devoluciones;301;1
/es/index.php?controller=category;https://ceramicconnection.com/es/pagina-no-encontrada;301;1
/es/index.php?controller=cms;https://ceramicconnection.com/es/pagina-no-encontrada;301;1
/es/index.php?controller=module-ps_emailalerts-account;https://ceramicconnection.com/es/pagina-no-encontrada;301;1
/es/inicio/.html;https://ceramicconnection.com/es/;301;1
/es/muestras;https://ceramicconnection.com/es/contenido/muestras;301;1
/es/plazos-de-entrega;https://ceramicconnection.com/es/contenido/plazos-de-entrega;301;1
/es/politica-de-cookies;https://ceramicconnection.com/es/contenido/politica-de-cookies;301;1
/es/politica-de-privacidad;https://ceramicconnection.com/es/contenido/politica-de-privacidad;301;1
/es/profesionales;https://ceramicconnection.com/es/contenido/profesionales;301;1
/es/sobre-nosotros;https://ceramicconnection.com/es/contenido/sobre-nosotros;301;1
/es/terminos-y-condiciones-de-uso;https://ceramicconnection.com/es/contenido/terminos-y-condiciones-de-uso;301;1
/es/terminos-y-condiciones-generales-de-compra;https://ceramicconnection.com/es/contenido/terminos-y-condiciones-generales-de-compra;301;1
/fr/accueil/.html;https://ceramicconnection.com/fr/;301;1
/fr/carreaux-de-ceramique/monocolor;https://ceramicconnection.com/fr/carreaux-de-ceramique/monocolore;301;1
/fr/carrelage/azulejo-porcelanico-malmo-light.html;https://ceramicconnection.com/fr/carreaux-de-ceramique/malmo-light.html;301;1
/fr/carrelage/bali-mural-samui.html;https://ceramicconnection.com/fr/carreaux-de-ceramique/bali-deco.html;301;1
/fr/carrelage/carreau-porcelaine-belice-cloud.html;https://ceramicconnection.com/fr/carreaux-de-ceramique/couverture-de-belice-100x100.html;301;1
/fr/carrelage/carreau-porcelaine-caen-argile.html;https://ceramicconnection.com/fr/carreaux-de-ceramique/caen-argile.html;301;1
/fr/carrelage/carreau-porcelaine-caen-fer-martele.html;https://ceramicconnection.com/fr/carreaux-de-ceramique/caen-fer-martele.html;301;1
/fr/carrelage/carreau-porcelaine-doha-blanc.html;https://ceramicconnection.com/fr/carreaux-de-ceramique/doha-blanc.html;301;1
/fr/carrelage/carreau-porcelaine-doha-gris-60x60.html;https://ceramicconnection.com/fr/carreaux-de-ceramique/doha-gris-60x60.html;301;1
/fr/carrelage/carreau-porcelaine-doha-gris-decor-60x60.html;https://ceramicconnection.com/fr/carreaux-de-ceramique/doha-grey-decor.html;301;1
/fr/carrelage/carreau-porcelaine-doha-noir-60x60.html;https://ceramicconnection.com/en/ceramic-tiles/doha-black-60x60.html;301;1
/fr/carrelage/carreau-porcelaine-doha-noir-decor-60x60.html;https://ceramicconnection.com/fr/carreaux-de-ceramique/doha-noir-decor.html;301;1
/fr/carrelage/carreau-porcelaine-natura-classic.html;https://ceramicconnection.com/fr/carreaux-de-ceramique/natura-classique.html;301;1
/fr/carrelage/carreau-porcelaine-natura-light.html;https://ceramicconnection.com/fr/carreaux-de-ceramique/natura-light.html;301;1
/fr/carrelage/carreau-porcelaine-turin-charbon-30x60.html;https://ceramicconnection.com/fr/carreaux-de-ceramique/turin-charbon-30x60.html;301;1
/fr/carrelage/delhi-champagne.html;https://ceramicconnection.com/fr/carreaux-de-ceramique/champagne-delhi.html;301;1
/fr/carrelage/jungle-flamingo.html;https://ceramicconnection.com/fr/carreaux-de-ceramique/flamant-rose-de-la-jungle.html;301;1
/fr/carrelage/jungle-peach.html;https://ceramicconnection.com/fr/carreaux-de-ceramique/peche-de-jungle.html;301;1
/fr/carrelage/mate;https://ceramicconnection.com/fr/tuiles/compagnon;301;1
/fr/carrelage/mosaico-malmo-ash.html;https://ceramicconnection.com/fr/carreaux-de-ceramique/malmo-ash-epi.html;301;1
/fr/carrelage/mosaique-caen-argile.html;https://ceramicconnection.com/fr/carreaux-de-ceramique/caen-argile-mosaique.html;301;1
/fr/carrelage/mosaique-malmo-naturel.html;https://ceramicconnection.com/fr/carreaux-de-ceramique/malmo-naturel-epi.html;301;1
/fr/carrelage/pur-blanc-brillant-7x30.html;https://ceramicconnection.com/fr/carreaux-de-ceramique/pur-blanc-mat.html;301;1
/fr/carrelage/pur-noir-brillant-2x10.html;https://ceramicconnection.com/fr/carreaux-de-ceramique/pur-noir-brillant.html;301;1
/fr/carrelage/pure-beige-brillant.html;https://ceramicconnection.com/fr/carreaux-de-ceramique/pur-beige-brillant.html;301;1
/fr/carrelage/pure-beige-mat.html;https://ceramicconnection.com/fr/carreaux-de-ceramique/pur-beige-mat.html;301;1
/fr/carrelage/pure-blanc-mat-20x20.html;https://ceramicconnection.com/fr/carreaux-de-ceramique/pur-blanc-mat-20x20.html;301;1
/fr/carrelage/pure-noir-brillant-20x20.html;https://ceramicconnection.com/fr/carreaux-de-ceramique/pur-noir-brillant.html;301;1
/fr/carrelage/rio-greige.html;https://ceramicconnection.com/fr/carreaux-de-ceramique/riviere-grige.html;301;1
/fr/carrelage/toronto-blue.html;https://ceramicconnection.com/fr/carreaux-de-ceramique/toronto-bleu.html;301;1
/fr/carrelage/Toronto-blue.html;https://ceramicconnection.com/fr/carreaux-de-ceramique/toronto-bleu.html;301;1
/fr/ceramica/azulejo-porcelanico-malmo-ash.html;https://ceramicconnection.com/fr/carreaux-de-ceramique/malmo-ash.html;301;1
/fr/ceramica/azulejo-porcelanico-turin-coal-30x60.html;https://ceramicconnection.com/fr/carreaux-de-ceramique/turin-charbon-30x60.html;301;1
/fr/ceramica/monocolor;https://ceramicconnection.com/fr/carreaux-de-ceramique/carreaux-monocolore;301;1
/fr/ceramica/mosaico-malmo-ash.html;https://ceramicconnection.com/fr/carreaux-de-ceramique/malmo-ash-epi.html;301;1
/fr/ceramica/mosaico-taiga-natural.html;https://ceramicconnection.com/fr/carreaux-de-ceramique/taiga-naturel-mosaic.html;301;1
/fr/ceramica/naturel-noir-brillant-7x30.html;https://ceramicconnection.com/fr/carreaux-de-ceramique/naturel-noir-brillant.html;301;1
/fr/ceramica/pur-blanc-brillant-7x30.html;https://ceramicconnection.com/fr/carreaux-de-ceramique/pur-blanc-brillant.html;301;1
/fr/ceramica/pur-gris-brillant-7x30.html;https://ceramicconnection.com/fr/carreaux-de-ceramique/pur-gris-brillant.html;301;1
/fr/ceramica/pur-noir-brillant-2x10.html;https://ceramicconnection.com/fr/carreaux-de-ceramique/pur-noir-brillant.html;301;1
/fr/ceramica/pur-noir-brillant-7x30.html;https://ceramicconnection.com/fr/carreaux-de-ceramique/pur-noir-brillant.html;301;1
/fr/ceramica/rio-greige.html;https://ceramicconnection.com/fr/carreaux-de-ceramique/riviere-grige.html;301;1
/fr/ceramica/terrazzo-deco-2.html;https://ceramicconnection.com/fr/carreaux-de-ceramique/terrazzo-decor-2.html;301;1
/fr/contenido/devoluciones;https://ceramicconnection.com/fr/contenido/retours;301;1
/fr/contenido/politica-de-cookies;https://ceramicconnection.com/fr/contenido/politique-de-cookies;301;1
/fr/index.php?controller=category;https://ceramicconnection.com/fr/page-introuvable;301;1
/fr/index.php?controller=module-ps_emailalerts-account;https://ceramicconnection.com/fr/page-introuvable;301;1
/fr/installation-et-entretien/bioflex-blanco-kerakoll.html;https://ceramicconnection.com/fr/installation-et-entretien/bioflex-blanc-kerakoll.html;301;1
/fr/installation-et-entretien/clips-nivelacion-1mm.html;https://ceramicconnection.com/fr/installation-et-entretien/croisillon-a-cale-de-nivellement-1-mm.html;301;1
/fr/installation-et-entretien/crucetas-2mm.html;https://ceramicconnection.com/fr/installation-et-entretien/croisillons-en-x-2-mm.html;301;1
/fr/installation-et-entretien/cunas-nivelacion.html;https://ceramicconnection.com/fr/installation-et-entretien/cale-autonivelante.html;301;1
/fr/installation-et-entretien/esponja-mixta-bellota.html;https://ceramicconnection.com/fr/installation-et-entretien/eponge-de-carreleur-dure.html;301;1
/fr/installation-et-entretien/esponja-suave-bellota.html;https://ceramicconnection.com/fr/installation-et-entretien/eponge-de-carreleur-douce.html;301;1
/fr/installation-et-entretien/fugabella-color-01.html;https://ceramicconnection.com/fr/installation-et-entretien/fugabella-colour-01.html;301;1
/fr/installation-et-entretien/fugabella-color-02.html;https://ceramicconnection.com/fr/installation-et-entretien/fugabella-colour-02.html;301;1
/fr/installation-et-entretien/fugabella-color-08.html;https://ceramicconnection.com/fr/installation-et-entretien/fugabella-colour-08.html;301;1
/fr/installation-et-entretien/fugabella-color-10.html;https://ceramicconnection.com/fr/installation-et-entretien/fugabella-colour-10.html;301;1
/fr/installation-et-entretien/fugabella-color-11.html;https://ceramicconnection.com/fr/installation-et-entretien/fugabella-colour-11.html;301;1
/fr/installation-et-entretien/fugabella-color-13.html;https://ceramicconnection.com/fr/installation-et-entretien/fugabella-colour-13.html;301;1
/fr/installation-et-entretien/fugabella-color-14.html;https://ceramicconnection.com/fr/installation-et-entretien/fugabella-colour-14.html;301;1
/fr/installation-et-entretien/fugabella-color-20.html;https://ceramicconnection.com/fr/installation-et-entretien/fugabella-colour-20.html;301;1
/fr/installation-et-entretien/fugabella-color-21.html;https://ceramicconnection.com/fr/installation-et-entretien/fugabella-colour-21.html;301;1
/fr/installation-et-entretien/fugabella-color-30.html;https://ceramicconnection.com/fr/installation-et-entretien/fugabella-colour-30.html;301;1
/fr/installation-et-entretien/fugabella-color-42.html;https://ceramicconnection.com/fr/installation-et-entretien/fugabella-couleur-42.html;301;1
/fr/installation-et-entretien/fugabella-color-44.html;https://ceramicconnection.com/fr/installation-et-entretien/fugabella-couleur-44.html;301;1
/fr/installation-et-entretien/fugabella-color-46.html;https://ceramicconnection.com/fr/installation-et-entretien/fugabella-colour-46.html;301;1
/fr/installation-et-entretien/fugabella-eco-02-gris-luz.html;https://ceramicconnection.com/fr/installation-et-entretien/fugabella-eco-porcelana-0-5-02-gris-pale.html;301;1
/fr/installation-et-entretien/fugabella-eco-03-gris-perla.html;https://ceramicconnection.com/fr/installation-et-entretien/fugabella-eco-porcelana-0-5-03-gris-perle.html;301;1
/fr/installation-et-entretien/fugabella-eco-04-gris-hierro.html;https://ceramicconnection.com/fr/installation-et-entretien/fugabella-eco-porcelana-0-5-04-gris-fer.html;301;1
/fr/installation-et-entretien/fugabella-eco-09-caramelo.html;https://ceramicconnection.com/fr/installation-et-entretien/fugabella-eco-porcelana-0-5-09-caramel.html;301;1
/fr/installation-et-entretien/fugabella-eco-10-terracotta.html;https://ceramicconnection.com/fr/installation-et-entretien/fugabella-eco-porcelana-0-5-10-terre-cuite.html;301;1
/fr/installation-et-entretien/fugabella-eco-27-sunset.html;https://ceramicconnection.com/fr/installation-et-entretien/fugabella-eco-porcelaine-0-5-27-coucher-de-soleil.html;301;1
/fr/installation-et-entretien/galocha-esponja-30.html;https://ceramicconnection.com/fr/installation-et-entretien/taloche-eponge.html;301;1
/fr/installation-et-entretien/llana-dentada.html;https://ceramicconnection.com/fr/installation-et-entretien/taloche-crantee.html;301;1
/fr/installation-et-entretien/llana-rejuntado.html;https://ceramicconnection.com/fr/installation-et-entretien/taloche-de-carrelage.html;301;1
/fr/installation-et-entretien/mapei-ultracolor-103.html;https://ceramicconnection.com/fr/installation-et-entretien/mapei-ultracolor-plus-103.html;301;1
/fr/installation-et-entretien/mapei-ultracolor-110.html;https://ceramicconnection.com/fr/installation-et-entretien/mapei-ultracolor-plus-110.html;301;1
/fr/installation-et-entretien/mapei-ultracolor-111.html;https://ceramicconnection.com/fr/installation-et-entretien/mapei-ultracolor-plus-111.html;301;1
/fr/installation-et-entretien/mapei-ultracolor-112.html;https://ceramicconnection.com/fr/installation-et-entretien/mapei-ultracolor-plus-112.html;301;1
/fr/installation-et-entretien/mapei-ultracolor-119.html;https://ceramicconnection.com/fr/installation-et-entretien/mapei-ultracolor-plus-119.html;301;1
/fr/installation-et-entretien/mapei-ultracolor-123.html;https://ceramicconnection.com/fr/installation-et-entretien/mapei-ultracolor-plus-123.html;301;1
/fr/installation-et-entretien/mapei-ultracolor-125.html;https://ceramicconnection.com/fr/installation-et-entretien/mapei-ultracolor-plus-125.html;301;1
/fr/installation-et-entretien/mapei-ultracolor-127.html;https://ceramicconnection.com/fr/installation-et-entretien/mapei-ultracolor-plus-127.html;301;1
/fr/installation-et-entretien/mapei-ultracolor-130.html;https://ceramicconnection.com/fr/installation-et-entretien/mapei-ultracolor-plus-130.html;301;1
/fr/installation-et-entretien/mapei-ultracolor-132.html;https://ceramicconnection.com/fr/installation-et-entretien/mapei-ultracolor-plus-132.html;301;1
/fr/installation-et-entretien/mapei-ultracolor-133.html;https://ceramicconnection.com/fr/installation-et-entretien/mapei-ultracolor-plus-133.html;301;1
/fr/installation-et-entretien/mapei-ultracolor-134.html;https://ceramicconnection.com/fr/installation-et-entretien/mapei-ultracolor-plus-134.html;301;1
/fr/installation-et-entretien/mapei-ultracolor-135.html;https://ceramicconnection.com/fr/installation-et-entretien/mapei-ultracolor-plus-135.html;301;1
/fr/installation-et-entretien/mapei-ultracolor-136.html;https://ceramicconnection.com/fr/installation-et-entretien/mapei-ultracolor-plus-136.html;301;1
/fr/installation-et-entretien/mapei-ultracolor-137.html;https://ceramicconnection.com/fr/installation-et-entretien/mapei-ultracolor-plus-137.html;301;1
/fr/installation-et-entretien/mapei-ultracolor-138.html;https://ceramicconnection.com/fr/installation-et-entretien/mapei-ultracolor-plus-138.html;301;1
/fr/installation-et-entretien/mapei-ultracolor-142.html;https://ceramicconnection.com/fr/installation-et-entretien/mapei-ultracolor-plus-142.html;301;1
/fr/installation-et-entretien/mapei-ultracolor-143.html;https://ceramicconnection.com/fr/installation-et-entretien/mapei-ultracolor-plus-143.html;301;1
/fr/installation-et-entretien/mapei-ultracolor-168.html;https://ceramicconnection.com/fr/installation-et-entretien/mapei-ultracolor-plus-168.html;301;1
/fr/installation-et-entretien/mapei-ultracolor-169.html;https://ceramicconnection.com/en/installation-and-maintenance/mapei-ultracolor-plus-169.html;301;1
/fr/installation-et-entretien/mapei-ultracolor-172.html;https://ceramicconnection.com/fr/installation-et-entretien/mapei-ultracolor-plus-172.html;301;1
/fr/installation-et-entretien/mapei-ultracolor-174.html;https://ceramicconnection.com/fr/installation-et-entretien/mapei-ultracolor-plus-174.html;301;1
/fr/installation-et-entretien/mapei-ultracolor-176.html;https://ceramicconnection.com/en/installation-and-maintenance/mapei-ultracolor-plus-176.html;301;1
/fr/installation-et-entretien/mapei-ultracolor-177.html;https://ceramicconnection.com/fr/installation-et-entretien/mapei-ultracolor-plus-177.html;301;1
/fr/installation-et-entretien/mapei-ultracolor-187.html;https://ceramicconnection.com/fr/installation-et-entretien/mapei-ultracolor-plus-187.html;301;1
/fr/installation-et-entretien/mapei-ultracolor-188.html;https://ceramicconnection.com/fr/installation-et-entretien/mapei-ultracolor-plus-188.html;301;1
/fr/installation-et-entretien/mapei-ultracolor-189.html;https://ceramicconnection.com/fr/installation-et-entretien/mapei-ultracolor-plus-189.html;301;1
/fr/installation-et-entretien/mazo-goma.html;https://ceramicconnection.com/fr/installation-et-entretien/maillet-en-caoutchouc-noir.html;301;1
/fr/installation-et-entretien/paleta-obra-madrid.html;https://ceramicconnection.com/fr/installation-et-entretien/truelle-type-madrid.html;301;1
/fr/installation-et-entretien/pinzas-nivelacion-ceramica.html;https://ceramicconnection.com/fr/installation-et-entretien/pince-a-cale.html;301;1
/fr/mosaique-de-verre/mosaique-bruma-bleu-mediterranee-as.html;https://ceramicconnection.com/fr/mosaique-de-verre/mosaique-bruma-bleu-mediterranee-antislip.html;301;1
/fr/tiles/mate;https://ceramicconnection.com/fr/tuiles/compagnon;301;1
/fr/tuiles/mate;https://ceramicconnection.com/fr/tuiles/compagnon;301;1
/nl/andere-materialen/ceramica;https://ceramicconnection.com/nl/andere-materialen;301;1
/nl/best-verkochte-artikelen;https://ceramicconnection.com/nl/beste-verkoper;301;1
/nl/blog/categoria/ceramica;https://ceramicconnection.com/nl/blog/categoria/ceramica.html;301;1
/nl/brands;https://ceramicconnection.com/nl/installatie-en-onderhoud?q=Merk-Kerakoll-MAPEI;301;1
/nl/ceramica/azulejo-porcelanico-caen-arcilla-abujardado.html;https://ceramicconnection.com/nl/keramiek/caen-arcilla-abujardado.html;301;1
/nl/contenido/politica-de-cookies;https://ceramicconnection.com/nl/contenido/cookiebeleid;301;1
/nl/contenido/profesionales;https://ceramicconnection.com/nl/contenido/ben-je-een-professional;301;1
/nl/glasmozaiek/mosaico-acquaris-maldivas.html;https://ceramicconnection.com/nl/glasmozaiek/acquaris-malediven-mozaiek.html;301;1
/nl/glasmozaiek/mosaico-bruma-gris-as.html;https://ceramicconnection.com/nl/glasmozaiek/antislip-grijs-mistmozaiek.html;301;1
/nl/glasmozaiek/mosaico-bruma-gris.html;https://ceramicconnection.com/nl/glasmozaiek/grijs-mistmozaiek.html;301;1
/nl/glasmozaiek/mosaico-bruma-verde-aguamarina.html;https://ceramicconnection.com/nl/glasmozaiek/mosaiek-groene-mist-aquamarine.html;301;1
/nl/home/.html;https://ceramicconnection.com/nl/;301;1
/nl/index.php?controller=category;https://ceramicconnection.com/nl/pagina-niet-gevonden;301;1
/nl/index.php?controller=cms;https://ceramicconnection.com/nl/pagina-niet-gevonden;301;1
/nl/index.php?controller=module-ps_emailalerts-account;https://ceramicconnection.com/nl/pagina-niet-gevonden;301;1
/nl/index.php?controller=product;https://ceramicconnection.com/nl/pagina-niet-gevonden;301;1
/nl/installatie-en-onderhoud/2-mm-kruiskoppen.html;https://ceramicconnection.com/nl/installatie-en-onderhoud/kruiskoppen-2mm.html;301;1
/nl/installatie-en-onderhoud/bioflex-blanco-kerakoll.html;https://ceramicconnection.com/nl/installatie-en-onderhoud/bioflex-wit-kerakoll.html;301;1
/nl/installatie-en-onderhoud/cement-color-00494.html;https://ceramicconnection.com/nl/installatie-en-onderhoud/cement-kleur-00494.html;301;1
/nl/installatie-en-onderhoud/ceramica;https://ceramicconnection.com/nl/installatie-en-onderhoud;301;1
/nl/installatie-en-onderhoud/clips-nivelacion-1mm.html;https://ceramicconnection.com/nl/installatie-en-onderhoud/nivelleerclips-1-mm.html;301;1
/nl/installatie-en-onderhoud/crucetas-2mm.html;https://ceramicconnection.com/nl/installatie-en-onderhoud/kruiskoppen-2mm.html;301;1
/nl/installatie-en-onderhoud/esponja-mixta-bellota.html;https://ceramicconnection.com/nl/installatie-en-onderhoud/harde-schoonmaakspons.html;301;1
/nl/installatie-en-onderhoud/fugabella-color-04.html;https://ceramicconnection.com/nl/installatie-en-onderhoud/fugabella-kleur-04.html;301;1
/nl/installatie-en-onderhoud/fugabella-color-06.html;https://ceramicconnection.com/nl/installatie-en-onderhoud/fugabella-kleur-06.html;301;1
/nl/installatie-en-onderhoud/fugabella-color-12.html;https://ceramicconnection.com/nl/installatie-en-onderhoud/fugabella-kleur-12.html;301;1
/nl/installatie-en-onderhoud/fugabella-color-13.html;https://ceramicconnection.com/nl/installatie-en-onderhoud/fugabella-kleur-13.html;301;1
/nl/installatie-en-onderhoud/fugabella-color-14.html;https://ceramicconnection.com/nl/installatie-en-onderhoud/fugabella-kleur-14.html;301;1
/nl/installatie-en-onderhoud/fugabella-color-29.html;https://ceramicconnection.com/nl/installatie-en-onderhoud/fugabella-kleur-29.html;301;1
/nl/installatie-en-onderhoud/fugabella-color-30.html;https://ceramicconnection.com/nl/installatie-en-onderhoud/fugabella-kleur-30.html;301;1
/nl/installatie-en-onderhoud/fugabella-color-37.html;https://ceramicconnection.com/nl/installatie-en-onderhoud/fugabella-kleur-37.html;301;1
/nl/installatie-en-onderhoud/fugabella-color-42.html;https://ceramicconnection.com/nl/installatie-en-onderhoud/fugabella-kleur-42.html;301;1
/nl/installatie-en-onderhoud/fugabella-color-44.html;https://ceramicconnection.com/nl/installatie-en-onderhoud/fugabella-kleur-44.html;301;1
/nl/installatie-en-onderhoud/fugabella-color-48.html;https://ceramicconnection.com/nl/installatie-en-onderhoud/fugabella-kleur-48.html;301;1
/nl/installatie-en-onderhoud/fugabella-eco-04-gris-hierro.html;https://ceramicconnection.com/nl/installatie-en-onderhoud/fugabella-eco-porselein-0-5-04-ijzergrijs.html;301;1
/nl/installatie-en-onderhoud/fugabella-eco-08-beige-bahama.html;https://ceramicconnection.com/nl/installatie-en-onderhoud/fugabella-eco-porselein-0-5-08-bahama-beige.html;301;1
/nl/installatie-en-onderhoud/fugabella-eco-10-terracotta.html;https://ceramicconnection.com/nl/installatie-en-onderhoud/fugabella-eco-porselein-0-5-10-terracotta.html;301;1
/nl/installatie-en-onderhoud/fugabella-eco-32-azul-mediterraneo.html;https://ceramicconnection.com/nl/installatie-en-onderhoud/fugabella-eco-porselein-0-5-32-mediterraan-blauw.html;301;1
/nl/installatie-en-onderhoud/llana-dentada.html;https://ceramicconnection.com/nl/installatie-en-onderhoud/tandvlees.html;301;1
/nl/installatie-en-onderhoud/mapei-ultracolor-123.html;https://ceramicconnection.com/nl/installatie-en-onderhoud/mapei-ultracolor-plus-123.html;301;1
/nl/installatie-en-onderhoud/mapei-ultracolor-133.html;https://ceramicconnection.com/nl/installatie-en-onderhoud/mapei-ultracolor-plus-133.html;301;1
/nl/installatie-en-onderhoud/mapei-ultracolor-137.html;https://ceramicconnection.com/nl/installatie-en-onderhoud/mapei-ultracolor-plus-137.html;301;1
/nl/installatie-en-onderhoud/mapei-ultracolor-143.html;https://ceramicconnection.com/nl/installatie-en-onderhoud/mapei-ultracolor-plus-143.html;301;1
/nl/installatie-en-onderhoud/mapei-ultracolor-163.html;https://ceramicconnection.com/nl/installatie-en-onderhoud/mapei-ultracolor-plus-163.html;301;1
/nl/installatie-en-onderhoud/mapei-ultracolor-176.html;https://ceramicconnection.com/nl/installatie-en-onderhoud/mapei-ultracolor-plus-176.html;301;1
/nl/installatie-en-onderhoud/mapei-ultracolor-189.html;https://ceramicconnection.com/nl/installatie-en-onderhoud/mapei-ultracolor-plus-189.html;301;1
/nl/installatie-en-onderhoud/pinzas-nivelacion-ceramica.html;https://ceramicconnection.com/nl/installatie-en-onderhoud/kleeftoestellen.html;301;1
/nl/keramiek/anti-deslizante.html;https://ceramicconnection.com/nl/keramiek/anti-slip.html;301;1
/nl/keramiek/antique-hammered-100x100.html;https://ceramicconnection.com/nl/keramiek/antique-abujardado-100x100.html;301;1
/nl/keramiek/argile-sand-30x20.html;https://ceramicconnection.com/nl/keramiek/argile-sand-20x30.html;301;1
/nl/keramiek/argile-sand-rodapie.html;https://ceramicconnection.com/nl/keramiek/argile-sand-wheelchair.html;301;1
/nl/keramiek/ava-linen.html;https://ceramicconnection.com/nl/keramiek/ava-linnen.html;301;1
/nl/keramiek/azulejo-porcelanico-belice-cloud.html;https://ceramicconnection.com/nl/keramiek/belice-cloud-60x120.html;301;1
/nl/keramiek/azulejo-porcelanico-belice-graphite.html;https://ceramicconnection.com/nl/keramiek/belice-graphite-60x120.html;301;1
/nl/keramiek/azulejo-porcelanico-caen-arcilla-abujardado.html;https://ceramicconnection.com/nl/keramiek/caen-arcilla-abujardado.html;301;1
/nl/keramiek/azulejo-porcelanico-caen-carbon.html;https://ceramicconnection.com/nl/keramiek/kolen-vallen.html;301;1
/nl/keramiek/azulejo-porcelanico-caen-hueso-abujardado.html;https://ceramicconnection.com/nl/keramiek/bovenvallig-been-valt.html;301;1
/nl/keramiek/azulejo-porcelanico-caen-hueso.html;https://ceramicconnection.com/nl/keramiek/val-bot.html;301;1
/nl/keramiek/azulejo-porcelanico-doha-gris-60x60.html;https://ceramicconnection.com/nl/keramiek/doha-gris-60x60.html;301;1
/nl/keramiek/azulejo-porcelanico-doha-negro-30x60.html;https://ceramicconnection.com/nl/keramiek/doha-negro-30x60.html;301;1
/nl/keramiek/azulejo-porcelanico-malmo-light.html;https://ceramicconnection.com/nl/keramiek/malmo-licht.html;301;1
/nl/keramiek/azulejo-porcelanico-natura-dark.html;https://ceramicconnection.com/nl/keramiek/natuur-donker.html;301;1
/nl/keramiek/azulejo-porcelanico-taiga-natural.html;https://ceramicconnection.com/nl/keramiek/natuurlijke-taiga.html;301;1
/nl/keramiek/azulejo-porcelanico-valona-negro.html;https://ceramicconnection.com/nl/keramiek/zwarte-valona.html;301;1
/nl/keramiek/bali-verde.html;https://ceramicconnection.com/nl/keramiek/bali-groen.html;301;1
/nl/keramiek/bisel-gris-brillo.html;https://ceramicconnection.com/nl/keramiek/glanzende-grijze-rand.html;301;1
/nl/keramiek/bisel-negro-brillante.html;https://ceramicconnection.com/nl/keramiek/glanzende-zwarte-bisel.html;301;1
/nl/keramiek/borgona-antracita-multiformato.html;https://ceramicconnection.com/nl/keramiek/bourgogne-antracite-multiformato.html;301;1
/nl/keramiek/camden-azul-decor.html;https://ceramicconnection.com/nl/keramiek/camden-blue-decor.html;301;1
/nl/keramiek/camden-gris.html;https://ceramicconnection.com/nl/keramiek/camden-gray.html;301;1
/nl/keramiek/camden-hueso.html;https://ceramicconnection.com/nl/keramiek/val-bot.html;301;1
/nl/keramiek/camden-negro-decor.html;https://ceramicconnection.com/nl/keramiek/zwart-camden-decor.html;301;1
/nl/keramiek/carino-round.html;https://ceramicconnection.com/nl/keramiek/carino-ronde.html;301;1
/nl/keramiek/copy-of-creta-50-blanco.html;https://ceramicconnection.com/nl/keramiek/creta-50-wit.html;301;1
/nl/keramiek/creta-50-hueso.html;https://ceramicconnection.com/nl/keramiek/kreta-50-bot.html;301;1
/nl/keramiek/creta-50-negro.html;https://ceramicconnection.com/nl/keramiek/creta-50-zwart.html;301;1
/nl/keramiek/creta-50-rosa.html;https://ceramicconnection.com/nl/keramiek/kreta-50-roze.html;301;1
/nl/keramiek/delhi-amarillo.html;https://ceramicconnection.com/nl/keramiek/gele-delhi.html;301;1
/nl/keramiek/delhi-blanco.html;https://ceramicconnection.com/nl/keramiek/witte-delhi.html;301;1
/nl/keramiek/hidraulico-decor-2.html;https://ceramicconnection.com/nl/keramiek/hydraulisch-decor-2.html;301;1
/nl/keramiek/hidraulico-hueso.html;https://ceramicconnection.com/nl/keramiek/hydraulisch-bot.html;301;1
/nl/keramiek/hidraulico-mocca.html;https://ceramicconnection.com/nl/keramiek/hydraulische-mocca.html;301;1
/nl/keramiek/Hidraulico-terra.html;https://ceramicconnection.com/nl/keramiek/hydraulische-terra.html;301;1
/nl/keramiek/jungle-sunset.html;https://ceramicconnection.com/nl/keramiek/jungle-zonsondergang.html;301;1
/nl/keramiek/karachi-anthology.html;https://ceramicconnection.com/nl/keramiek/karachi-bloemlezing.html;301;1
/nl/keramiek/karachi-light.html;https://ceramicconnection.com/nl/keramiek/karachi-licht.html;301;1
/nl/keramiek/london-cavan.html;https://ceramicconnection.com/nl/keramiek/londen-cavan.html;301;1
/nl/keramiek/london-mix.html;https://ceramicconnection.com/nl/keramiek/londense-mix.html;301;1
/nl/keramiek/london-negro-mate.html;https://ceramicconnection.com/nl/keramiek/londen-zwart.html;301;1
/nl/keramiek/madera-marbella-natural.html;https://ceramicconnection.com/nl/keramiek/natuurlijk-marbella.html;301;1
/nl/keramiek/madera-materia-gris.html;https://ceramicconnection.com/nl/keramiek/grijze-massa.html;301;1
/nl/keramiek/madera-materia-hueso.html;https://ceramicconnection.com/nl/keramiek/materie-bot.html;301;1
/nl/keramiek/mali-turquesa.html;https://ceramicconnection.com/nl/keramiek/mali-turkoois.html;301;1
/nl/keramiek/malmo-ash-decor.html;https://ceramicconnection.com/nl/keramiek/malmo-as-decor.html;301;1
/nl/keramiek/morocco-cotto.html;https://ceramicconnection.com/nl/keramiek/creta-50-zwart.html;301;1
/nl/keramiek/mosaico-caen-arcilla.html;https://ceramicconnection.com/nl/keramiek/caen-arcilla-mosaic.html;301;1
/nl/keramiek/mosaico-caen-carbon.html;https://ceramicconnection.com/nl/keramiek/mosaica-kool-valt.html;301;1
/nl/keramiek/mosaico-caen-hierro.html;https://ceramicconnection.com/nl/keramiek/ijzeren-val.html;301;1
/nl/keramiek/mosaico-caen-hueso.html;https://ceramicconnection.com/nl/keramiek/vallend-botmozaiek.html;301;1
/nl/keramiek/mosaico-laos-carbon.html;https://ceramicconnection.com/nl/keramiek/laos-steenkool.html;301;1
/nl/keramiek/mosaico-malmo-natural.html;https://ceramicconnection.com/nl/keramiek/malmo-natuurlijke-aar.html;301;1
/nl/keramiek/mosaico-taiga-natural-10x10.html;https://ceramicconnection.com/nl/keramiek/taiga-natural-mosaic.html;301;1
/nl/keramiek/mosaico-turin-carbon.html;https://ceramicconnection.com/nl/keramiek/marokko-cotto.html;301;1
/nl/keramiek/mosaico-turin-ceniza.html;https://ceramicconnection.com/nl/keramiek/turijnmozaiek-ash.html;301;1
/nl/keramiek/natural-negro-brillo-7x30.html;https://ceramicconnection.com/nl/keramiek/natuurlijke-zwarte-glans.html;301;1
/nl/keramiek/nevada-hammered-100x100.html;https://ceramicconnection.com/nl/keramiek/nevada-abujardado-100x100.html;301;1
/nl/keramiek/picket-azul-oscuro.html;https://ceramicconnection.com/nl/keramiek/picket-donkerblauw.html;301;1
/nl/keramiek/picket-gris.html;https://ceramicconnection.com/nl/keramiek/grijze-piket.html;301;1
/nl/keramiek/picket-musgo.html;https://ceramicconnection.com/nl/keramiek/mos-piket.html;301;1
/nl/keramiek/picket-ocean0.html;https://ceramicconnection.com/nl/keramiek/piket-hemel.html;301;1
/nl/keramiek/picket-salvia.html;https://ceramicconnection.com/nl/keramiek/piket-salie.html;301;1
/nl/keramiek/picket-verde-oscuro.html;https://ceramicconnection.com/nl/keramiek/donkergroen-pikket.html;301;1
/nl/keramiek/pure-blanco-mate-10x10.html;https://ceramicconnection.com/nl/keramiek/puur-wit-mate.html;301;1
/nl/keramiek/pure-blanco-mate-7x30.html;https://ceramicconnection.com/nl/keramiek/puur-matwit.html;301;1
/nl/keramiek/rio-bone.html;https://ceramicconnection.com/nl/keramiek/bot-rivier.html;301;1
/nl/keramiek/terrazo-indigo.html;https://ceramicconnection.com/nl/keramiek/indigo-terrazzo.html;301;1
/nl/keramiek/toronto-azul.html;https://ceramicconnection.com/nl/keramiek/toronto-blauw.html;301;1
/nl/keramiek/versailles-light.html;https://ceramicconnection.com/nl/keramiek/versailles-licht.html;301;1
/nl/stenen/piedra-black-lava-20x20.html;https://ceramicconnection.com/nl/stenen/zwarte-lavasteen-20x20.html;301;1
/nl/stenen/piedra-ocean-20x20.html;https://ceramicconnection.com/nl/stenen/oceaansteen-20x20.html;301;1
/pt/amostras;https://ceramicconnection.com/pt/contenido/amostras;301;1
/pt/azulejos/azulejos-gris;https://ceramicconnection.com/pt/azulejos/cinzento;301;1
/pt/ceramica/anti-deslizante.html;https://ceramicconnection.com/pt/ceramica/anti-derrapante.html;301;1
/pt/ceramica/ava-linen.html;https://ceramicconnection.com/pt/ceramica/ava-linho.html;301;1
/pt/ceramica/azulejo-porcelanico-bali-mural-samui.html;https://ceramicconnection.com/pt/ceramica/mural-de-bali-samui.html;301;1
/pt/ceramica/azulejo-porcelanico-belice-graphite.html;https://ceramicconnection.com/pt/ceramica/belice-graphite-60x120.html;301;1
/pt/ceramica/azulejo-porcelanico-caen-hierro-abujardado.html;https://ceramicconnection.com/es/baldosas-ceramicas/azulejo-porcelanico-caen-hierro-abujardado.html;301;1
/pt/ceramica/azulejo-porcelanico-caen-hueso.html;https://ceramicconnection.com/pt/ceramica/caem-osso.html;301;1
/pt/ceramica/azulejo-porcelanico-malmo-ash.html;https://ceramicconnection.com/pt/ceramica/malmo-ash.html;301;1
/pt/ceramica/azulejo-porcelanico-malmo-natural.html;https://ceramicconnection.com/pt/ceramica/malmo-natural.html;301;1
/pt/ceramica/azulejo-porcelanico-turin-carbon-60x60.html;https://ceramicconnection.com/pt/ceramica/turin-carbon-60x60.html;301;1
/pt/ceramica/azulejo-porcelanico-turin-nube-60x60.html;https://ceramicconnection.com/es/baldosas-ceramicas/azulejo-porcelanico-turin-nube-60x60.html;301;1
/pt/ceramica/camden-azul-decor.html;https://ceramicconnection.com/pt/ceramica/decoracao-azul-camden.html;301;1
/pt/ceramica/camden-light-decor.html;https://ceramicconnection.com/pt/ceramica/decoracao-de-luz-de-camden.html;301;1
/pt/ceramica/camden-negro.html;https://ceramicconnection.com/pt/ceramica/camden-preto.html;301;1
/pt/ceramica/copy-of-creta-50-blanco.html;https://ceramicconnection.com/es/baldosas-ceramicas/creta-50-blanco.html;301;1
/pt/ceramica/hidraulico-hueso.html;https://ceramicconnection.com/pt/ceramica/osso-hidraulico.html;301;1
/pt/ceramica/icon-blanco.html;https://ceramicconnection.com/pt/ceramica/icone-branco.html;301;1
/pt/ceramica/karachi-light.html;https://ceramicconnection.com/pt/ceramica/luz-de-carachi.html;301;1
/pt/ceramica/madera-marbella-antracita.html;https://ceramicconnection.com/pt/ceramica/marbella-antracita.html;301;1
/pt/ceramica/morocco-hueso.html;https://ceramicconnection.com/pt/ceramica/morocco-osso.html;301;1
/pt/ceramica/mosaico-malmo-natural.html;https://ceramicconnection.com/pt/ceramica/pico-de-luz-malmo.html;301;1
/pt/ceramica/mosaico-nogal-miel-30x44.html;https://ceramicconnection.com/pt/ceramica/mosaico-nogal-miel.html;301;1
/pt/ceramica/mosaico-taiga-ash-10x10.html;https://ceramicconnection.com/pt/ceramica/taiga-ash-mosaic.html;301;1
/pt/ceramica/mosaico-taiga-light-10x10.html;https://ceramicconnection.com/pt/ceramica/taiga-light-mosaic.html;301;1
/pt/ceramica/mosaico-taiga-natural-10x10.html;https://ceramicconnection.com/pt/ceramica/taiga-natural-mosaic.html;301;1
/pt/ceramica/mosaico-valona-hueso.html;https://ceramicconnection.com/pt/ceramica/osso-valao.html;301;1
/pt/ceramica/picket-blanco.html;https://ceramicconnection.com/pt/ceramica/picket-branco.html;301;1
/pt/ceramica/pure-beige-mate.html;https://ceramicconnection.com/pt/ceramica/puro-bege-mate.html;301;1
/pt/ceramica/rodapie-blanco-mate.html;https://ceramicconnection.com/pt/ceramica/rodape-branco-mate.html;301;1
/pt/ceramica/terrazo-decor-1.html;https://ceramicconnection.com/pt/ceramica/decoracao-terraco-1.html;301;1
/pt/ceramica/terrazo-gris.html;https://ceramicconnection.com/pt/ceramica/terraco-cinza.html;301;1
/pt/ceramica/toronto-marfil.html;https://ceramicconnection.com/pt/ceramica/marfim-de-toronto.html;301;1
/pt/contenido/muestras;https://ceramicconnection.com/pt/contenido/amostras;301;1
/pt/devolucoes;https://ceramicconnection.com/pt/contenido/devolucoes;301;1
/pt/e-um-profissional;https://ceramicconnection.com/pt/contenido/e-um-profissional;301;1
/pt/index.php?controller=category;https://ceramicconnection.com/pt/pagina-nao-encontrada;301;1
/pt/index.php?controller=module-ps_emailalerts-account;https://ceramicconnection.com/pt/pagina-nao-encontrada;301;1
/pt/index.php?controller=product;https://ceramicconnection.com/pt/pagina-nao-encontrada;301;1
/pt/instalacao-e-manutencao/clips-nivelacion-1mm.html;https://ceramicconnection.com/pt/instalacao-e-manutencao/clips-para-nivelamento-1-mm.html;301;1
/pt/instalacao-e-manutencao/crucetas-2mm.html;https://ceramicconnection.com/pt/instalacao-e-manutencao/cruzetas-de-2-mm.html;301;1
/pt/instalacao-e-manutencao/cunas-nivelacion.html;https://ceramicconnection.com/pt/instalacao-e-manutencao/cunhas-de-nivelamento.html;301;1
/pt/instalacao-e-manutencao/esponja-mixta-bellota.html;https://ceramicconnection.com/pt/instalacao-e-manutencao/esponja-de-limpeza-dura.html;301;1
/pt/instalacao-e-manutencao/fugabella-color-01.html;https://ceramicconnection.com/pt/instalacao-e-manutencao/cor-fugabella-01.html;301;1
/pt/instalacao-e-manutencao/fugabella-color-09.html;https://ceramicconnection.com/pt/instalacao-e-manutencao/cor-fugabella-09.html;301;1
/pt/instalacao-e-manutencao/fugabella-color-13.html;https://ceramicconnection.com/pt/instalacao-e-manutencao/fugabela-cor-13.html;301;1
/pt/instalacao-e-manutencao/fugabella-color-30.html;https://ceramicconnection.com/pt/instalacao-e-manutencao/fugabella-cor-30.html;301;1
/pt/instalacao-e-manutencao/fugabella-color-40.html;https://ceramicconnection.com/pt/instalacao-e-manutencao/fugabella-cor-40.html;301;1
/pt/instalacao-e-manutencao/fugabella-color-42.html;https://ceramicconnection.com/pt/instalacao-e-manutencao/fugabella-cor-42.html;301;1
/pt/instalacao-e-manutencao/fugabella-color-48.html;https://ceramicconnection.com/pt/instalacao-e-manutencao/fugabella-cor-48.html;301;1
/pt/instalacao-e-manutencao/fugabella-eco-03-gris-perla.html;https://ceramicconnection.com/pt/instalacao-e-manutencao/fugabella-eco-porcelana-0-5-03-cinza-perola.html;301;1
/pt/instalacao-e-manutencao/fugabella-eco-15-oceano.html;https://ceramicconnection.com/pt/instalacao-e-manutencao/fugabela-cor-15.html;301;1
/pt/instalacao-e-manutencao/fugabella-eco-29-verde-asturias.html;https://ceramicconnection.com/pt/instalacao-e-manutencao/fugabella-eco-porcelain-0-5-29-verde-asturias.html;301;1
/pt/instalacao-e-manutencao/fugabella-eco-32-azul-mediterraneo.html;https://ceramicconnection.com/pt/instalacao-e-manutencao/fugabella-eco-porcelain-0-5-32-azul-mediterraneo.html;301;1
/pt/instalacao-e-manutencao/mapei-ultracolor-123.html;https://ceramicconnection.com/pt/instalacao-e-manutencao/mapei-ultracolor-plus-123.html;301;1
/pt/instalacao-e-manutencao/mapei-ultracolor-141.html;https://ceramicconnection.com/pt/instalacao-e-manutencao/mapei-ultracolor-plus-141.html;301;1
/pt/instalacao-e-manutencao/mapei-ultracolor-163.html;https://ceramicconnection.com/pt/instalacao-e-manutencao/mapei-ultracolor-plus-163.html;301;1
/pt/instalacao-e-manutencao/mapei-ultracolor-167.html;https://ceramicconnection.com/pt/instalacao-e-manutencao/mapei-ultracolor-plus-167.html;301;1
/pt/instalacao-e-manutencao/mapei-ultracolor-176.html;https://ceramicconnection.com/pt/instalacao-e-manutencao/mapei-ultracolor-plus-176.html;301;1
/pt/instalacao-e-manutencao/mapei-ultracolor-177.html;https://ceramicconnection.com/pt/instalacao-e-manutencao/mapei-ultracolor-plus-177.html;301;1
/pt/instalacao-e-manutencao/mapei-ultracolor-188.html;https://ceramicconnection.com/pt/instalacao-e-manutencao/mapei-ultracolor-plus-188.html;301;1
/pt/instalacion-y-mantenimiento/fugabella-color-01.html;https://ceramicconnection.com/pt/instalacao-e-manutencao/cor-fugabella-01.html;301;1
/pt/instalacion-y-mantenimiento/fugabella-color-05.html;https://ceramicconnection.com/pt/instalacao-e-manutencao/cor-fugabella-05.html;301;1
/pt/instalacion-y-mantenimiento/fugabella-color-06.html;https://ceramicconnection.com/pt/instalacao-e-manutencao/cor-fugabella-06.html;301;1
/pt/instalacion-y-mantenimiento/fugabella-color-14.html;https://ceramicconnection.com/pt/instalacao-e-manutencao/fugabela-cor-14.html;301;1
/pt/instalacion-y-mantenimiento/fugabella-color-19.html;https://ceramicconnection.com/pt/instalacao-e-manutencao/fugabela-cor-19.html;301;1
/pt/instalacion-y-mantenimiento/fugabella-color-30.html;https://ceramicconnection.com/pt/instalacao-e-manutencao/fugabella-cor-30.html;301;1
/pt/instalacion-y-mantenimiento/mapei-ultracolor-103.html;https://ceramicconnection.com/de/installation-und-wartung/mapei-ultracolor-plus-103.html;301;1
/pt/instalacion-y-mantenimiento/mapei-ultracolor-111.html;https://ceramicconnection.com/pt/instalacao-e-manutencao/mapei-ultracolor-plus-111.html;301;1
/pt/instalacion-y-mantenimiento/mapei-ultracolor-112.html;https://ceramicconnection.com/pt/instalacao-e-manutencao/mapei-ultracolor-plus-112.html;301;1
/pt/instalacion-y-mantenimiento/mapei-ultracolor-123.html;https://ceramicconnection.com/pt/instalacao-e-manutencao/mapei-ultracolor-plus-123.html;301;1
/pt/instalacion-y-mantenimiento/mapei-ultracolor-127.html;https://ceramicconnection.com/pt/instalacao-e-manutencao/mapei-ultracolor-plus-127.html;301;1
/pt/mosaico-de-vidro/mosaico-acquaris-jazmin.html;https://ceramicconnection.com/pt/mosaico-de-vidro/mosaico-acquaris-jasmim.html;301;1
/pt/mosaico-de-vidro/mosaico-bruma-azul-cobalto-as.html;https://ceramicconnection.com/en/glass-mosaic/mosaic-bruma-cobalt-blue-antislip.html;301;1
/pt/mosaico-de-vidro/mosaico-bruma-azul-cobalto.html;https://ceramicconnection.com/pt/mosaico-de-vidro/mosaico-de-nevoa-azul-cobalto.html;301;1
/pt/mosaico-de-vidro/mosaico-bruma-verde-aqua.html;https://ceramicconnection.com/pt/mosaico-de-vidro/mosaico-de-nevoa-verde-aqua.html;301;1
/pt/pedras/mosaico-circular-hueso.html;https://ceramicconnection.com/pt/pedras/mosaico-osso-circular.html;301;1
/pt/pedras/piedra-black-lava-10x10.html;https://ceramicconnection.com/pt/pedras/pedra-de-lava-negra-10x10.html;301;1
/pt/pedras/piedra-ocean-10x10.html;https://ceramicconnection.com/pt/pedras/pedra-do-oceano-10x10.html;301;1
/pt/pedras/piedra-ocean-20x20.html;https://ceramicconnection.com/pt/pedras/pedra-do-oceano-20x20.html;301;1
/pt/piedras/fachaleta-piedra-hielo.html;https://ceramicconnection.com/pt/pedras/fachada-de-pedra-de-gelo.html;301;1
/pt/piedras/mosaico-hexagonal-hueso.html;https://ceramicconnection.com/pt/pedras/mosaico-osseo-hexagonal.html;301;1
/pt/piedras/piedra-bali-10x10.html;https://ceramicconnection.com/pt/pedras/pedra-bali-10x10.html;301;1
/pt/piedras/piedra-bali-20x20.html;https://ceramicconnection.com/pt/pedras/pedra-balinesa-20x20.html;301;1
/pt/piedras/piedra-black-lava-20x20.html;https://ceramicconnection.com/pt/pedras/piedra-negra-lava-20x20.html;301;1
/pt/politica-de-cookies;https://ceramicconnection.com/pt/contenido/politica-de-cookies;301;1
/pt/politica-de-privacidade;https://ceramicconnection.com/pt/contenido/politica-de-privacidade;301;1
/pt/prazos-de-entrega;https://ceramicconnection.com/pt/contenido/prazos-de-entrega;301;1
/pt/sobre-nos;https://ceramicconnection.com/pt/contenido/sobre-nos;301;1
/pt/termos-e-condicoes-de-utilizacao;https://ceramicconnection.com/pt/contenido/termos-e-condicoes-de-utilizacao;301;1
/pt/termos-e-condicoes-gerais-de-compra;https://ceramicconnection.com/pt/contenido/termos-e-condicoes-gerais-de-compra;301;1
/pt/top-vendas;https://ceramicconnection.com/pt/mais-vendido;301;1
